"Agency","Year","Country","Amount","Expenditure"
"UNRWA","2015","Occupied Palestinian Territory","763777782","763,777,782"
"UNDP","2015","Afghanistan","605412387","605,412,387"
"WFP","2015","South Sudan","499883889.6","499,883,890"
"IOM","2015","Canada","459326617","459,326,617"
"WFP","2015","Syrian Arab Republic","364863997.3","364,863,997"
"WIPO","2015","Switzerland","351839000","351,839,000"
"WFP","2015","Ethiopia","310521603.4","310,521,603"
"FAO","2015","Italy","302002787.9","302,002,788"
"UNHCR","2015","Lebanon","295934139.7","295,934,140"
"WFP","2015","Italy","283506312.3","283,506,312"
"UNHCR","2015","Iraq","276248455.1","276,248,455"
"WTO","2015","Switzerland","247027181.6","247,027,182"
"UNDP","2015","Argentina","242879737","242,879,737"
"UNICEF","2015","Democratic Republic of the Congo","239293230.4","239,293,230"
"WFP","2015","Sudan","236484888","236,484,888"
"WFP","2015","Yemen","232538235.9","232,538,236"
"UNICEF","2015","Lebanon","217265551","217,265,551"
"WFP","2015","Iraq","213793397.3","213,793,397"
"UNRWA","2015","Jordan","209360465","209,360,465"
"UNICEF","2015","Iraq","201670253.4","201,670,253"
"UNICEF","2015","Nigeria","201163274.5","201,163,275"
"WFP","2015","Pakistan","193141449.7","193,141,450"
"WFP","2015","Lebanon","189787487.5","189,787,488"
"UNRWA","2015","Lebanon","188074269","188,074,269"
"UNICEF","2015","Ethiopia","182628073.1","182,628,073"
"ITU","2015","Switzerland","181257315.8","181,257,316"
"UNHCR","2015","Jordan","177634001.2","177,634,001"
"UNDP","2015","Zimbabwe","174376594","174,376,594"
"UNRWA","2015","Syrian Arab Republic","172562325","172,562,325"
"WFP","2015","Kenya","172557593.5","172,557,594"
"UNICEF","2015","South Sudan","168911778.6","168,911,779"
"UNICEF","2015","Zimbabwe","166853161.3","166,853,161"
"UNHCR","2015","Syrian Arab Republic","162322531.64","162,322,532"
"WFP","2015","Somalia","162235314","162,235,314"
"UNHCR","2015","Ethiopia","162032595.04000002","162,032,595"
"UNICEF","2015","Somalia","150624596.4","150,624,596"
"WFP","2015","Jordan","146147085.2","146,147,085"
"UNHCR","2015","South Sudan","144152515.1","144,152,515"
"UNICEF","2015","Syrian Arab Republic","143937731.8","143,937,732"
"WHO","2015","Nigeria","142268000","142,268,000"
"UNICEF","2015","Jordan","133040633.9","133,040,634"
"UNICEF","2015","Afghanistan","131995077","131,995,077"
"UNICEF","2015","Sierra Leone","129992163.4","129,992,163"
"WFP","2015","Afghanistan","126334149.7","126,334,150"
"WFP","2015","Democratic Republic of the Congo","121092076.4","121,092,076"
"UNDP","2015","South Sudan","118292091","118,292,091"
"UNDP","2015","Occupied Palestinian Territory","115922756","115,922,756"
"UNICEF","2015","India","112310802.1","112,310,802"
"UNDP","2015","Sudan","111256875","111,256,875"
"UNDP","2015","Peru","110660697","110,660,697"
"UNHCR","2015","Kenya","104646813.91","104,646,814"
"UNICEF","2015","Pakistan","103998896.3","103,998,896"
"WFP","2015","Niger","103756883.2","103,756,883"
"UNHCR","2015","Turkey","100773668.7","100,773,669"
"UNICEF","2015","Sudan","100170683.7","100,170,684"
"WFP","2015","Chad","99908772.14","99,908,772"
"UNICEF","2015","Yemen","96885814.14","96,885,814"
"UNDP","2015","Zambia","96713315","96,713,315"
"UNICEF","2015","Guinea","96196165.34","96,196,165"
"WMO","2015","Switzerland","94749520.69","94,749,521"
"UNICEF","2015","Mali","88482694.24","88,482,694"
"UNHCR","2015","Democratic Republic of the Congo","87826583.93","87,826,584"
"UNICEF","2015","Liberia","87657574.05","87,657,574"
"UNICEF","2015","Chad","86652654.59","86,652,655"
"WHO","2015","Pakistan","83136000","83,136,000"
"UNHCR","2015","Chad","82901727.94","82,901,728"
"UNICEF","2015","Malawi","82359674.37","82,359,674"
"UNDP","2015","Haiti","82310541","82,310,541"
"UNDP","2015","Colombia","81848844","81,848,844"
"UNDP","2015","Somalia","77749795","77,749,795"
"UNDP","2015","Bosnia and Herzegovina","77335102","77,335,102"
"UNDP","2015","Egypt","77043508","77,043,508"
"IOM","2015","Switzerland","75492148","75,492,148"
"WFP","2015","Mali","72854613.65","72,854,614"
"WFP","2015","Malawi","72829009.09","72,829,009"
"WFP","2015","Guinea","72259048.25","72,259,048"
"WFP","2015","Liberia","71871980.54","71,871,981"
"UNHCR","2015","Sudan","71866356.4","71,866,356"
"WFP","2015","Nepal","71181257.65","71,181,258"
"UNICEF","2015","Uganda","70904149.84","70,904,150"
"UNICEF","2015","Philippines","70719326.74","70,719,327"
"UNHCR","2015","Uganda","69594411.48","69,594,411"
"UNDP","2015","Democratic Republic of the Congo","68773791","68,773,791"
"UNICEF","2015","Kenya","68105131.37","68,105,131"
"WFP","2015","Sierra Leone","67719228","67,719,228"
"UNICEF","2015","Niger","66532928.78","66,532,929"
"UNHCR","2015","Afghanistan","65929536.85","65,929,537"
"WFP","2015","Central African Republic","65252497.62","65,252,498"
"WFP","2015","Uganda","64181071.41","64,181,071"
"UNICEF","2015","Central African Republic","63767351.81","63,767,352"
"UNDP","2015","Brazil","63070086","63,070,086"
"WHO","2015","India","60483000","60,483,000"
"WHO","2015","Iraq","59801000","59,801,000"
"WHO","2015","Afghanistan","59492000","59,492,000"
"UNDP","2015","Bangladesh","59271545","59,271,545"
"UNDP","2015","Central African Republic","59008050","59,008,050"
"UNICEF","2015","Myanmar","58639581.45","58,639,581"
"UNICEF","2015","Bangladesh","57758699.12","57,758,699"
"UNDP","2015","Lebanon","56614868","56,614,868"
"WHO","2015","Liberia","56496000","56,496,000"
"UNHCR","2015","Pakistan","56206424.09","56,206,424"
"UNDP","2015","Iraq","55779756","55,779,756"
"UNDP","2015","India","54955200","54,955,200"
"UNICEF","2015","Nepal","54507458.69","54,507,459"
"UNODC","2015","Colombia","54320359","54,320,359"
"FAO","2015","South Sudan","53814266.9","53,814,267"
"WFP","2015","Cameroon","53535340.25","53,535,340"
"UNDP","2015","China","53502450","53,502,450"
"UNHCR","2015","Cameroon","52802957.35","52,802,957"
"WFP","2015","Occupied Palestinian Territory","52599724.99","52,599,725"
"UNDP","2015","Pakistan","50561881","50,561,881"
"UNDP","2015","United Republic of Tanzania","50248432","50,248,432"
"UNICEF","2015","Madagascar","49201487.45","49,201,487"
"UNDP","2015","Nigeria","48790035","48,790,035"
"FAO","2015","Somalia","48062135.04","48,062,135"
"WHO","2015","Guinea","47543000","47,543,000"
"UNHCR","2015","Yemen","45753807.23","45,753,807"
"UNDP","2015","Mali","45684863","45,684,863"
"WHO","2015","Ethiopia","45281000","45,281,000"
"UNHCR","2015","Egypt","44506562.91","44,506,563"
"WFP","2015","Turkey","44055746.25","44,055,746"
"UNDP","2015","Venezuela (Bolivarian Republic of)","44009611","44,009,611"
"UNICEF","2015","Mozambique","43675443.51","43,675,444"
"WFP","2015","Myanmar","43474890.62","43,474,891"
"UNICEF","2015","Burkina Faso","43012506.6","43,012,507"
"UNDP","2015","Saudi Arabia","42438994","42,438,994"
"UNICEF","2015","United Republic of Tanzania","42324135.64","42,324,136"
"UNHCR","2015","United Republic of Tanzania","42274314.3","42,274,314"
"WHO","2015","Syrian Arab Republic","42180000","42,180,000"
"UNICEF","2015","Turkey","42092850.53","42,092,851"
"UNDP","2015","El Salvador","41942540","41,942,540"
"UNICEF","2015","Zambia","41568147.29","41,568,147"
"UNICEF","2015","Cameroon","40943000.7","40,943,001"
"UNDP","2015","Guatemala","40491624","40,491,624"
"ICAO","2015","Argentina","40368875.49","40,368,875"
"UNDP","2015","Nepal","40353779","40,353,779"
"WHO","2015","Sierra Leone","40008000","40,008,000"
"UNICEF","2015","Cote d'Ivoire","39419131.85","39,419,132"
"WFP","2015","Egypt","38919967.24","38,919,967"
"WHO","2015","Democratic Republic of the Congo","37297000","37,297,000"
"UNDP","2015","Guinea","37103788","37,103,788"
"WHO","2015","Somalia","36602000","36,602,000"
"WHO","2015","Sudan","35476000","35,476,000"
"UNHCR","2015","Somalia","35414248.76","35,414,249"
"UNICEF","2015","Haiti","35382102.97","35,382,103"
"UNDP","2015","Ethiopia","35210431","35,210,431"
"UNDP","2015","Dominican Republic","34930028","34,930,028"
"UNHCR","2015","Rwanda","34751155.53","34,751,156"
"UNDP","2015","Ukraine","34313416","34,313,416"
"UNDP","2015","Tajikistan","33640924","33,640,924"
"WHO","2015","Yemen","33114000","33,114,000"
"UNICEF","2015","Ghana","33012188.43","33,012,188"
"WFP","2015","Bangladesh","32592136","32,592,136"
"WFP","2015","Senegal","31959818.15","31,959,818"
"UNDP","2015","Senegal","31937967","31,937,967"
"UNDP","2015","Kyrgyzstan","31605884","31,605,884"
"UNDP","2015","Kenya","31106779","31,106,779"
"WFP","2015","Honduras","30992496.71","30,992,497"
"UNHCR","2015","Niger","30899733","30,899,733"
"UNICEF","2015","Occupied Palestinian Territory","30757255.37","30,757,255"
"WFP","2015","Democratic People's Republic of Korea","30353995.32","30,353,995"
"WHO","2015","South Sudan","30274000","30,274,000"
"UNHCR","2015","Central African Republic","29851683.2","29,851,683"
"UNDP","2015","Indonesia","29666781","29,666,781"
"UNDP","2015","Viet Nam","29336687","29,336,687"
"UNICEF","2015","Rwanda","28740957.5","28,740,958"
"UNDP","2015","Myanmar","28517626","28,517,626"
"UNICEF","2015","Democratic People's Republic of Korea","28142901.39","28,142,901"
"UNICEF","2015","Burundi","28054191.7","28,054,192"
"UNICEF","2015","China","27710833.17","27,710,833"
"WFP","2015","Burundi","27459897.97","27,459,898"
"UNDP","2015","Liberia","27379546","27,379,546"
"WHO","2015","Kenya","27201000","27,201,000"
"UNDP","2015","Philippines","26972411","26,972,411"
"WFP","2015","United Republic of Tanzania","26815602.06","26,815,602"
"UNDP","2015","Mexico","26003763","26,003,763"
"UNDP","2015","Paraguay","25907154","25,907,154"
"UNICEF","2015","Indonesia","25736079.55","25,736,080"
"WFP","2015","Ukraine","25692086.03","25,692,086"
"UNDP","2015","Cote d'Ivoire","25599480","25,599,480"
"UNDP","2015","Yemen","25383563","25,383,563"
"UNHCR","2015","Iran (Islamic Republic of)","25198458.02","25,198,458"
"WFP","2015","Rwanda","25123197.41","25,123,197"
"UNDP","2015","Turkey","25037198","25,037,198"
"UNDP","2015","Armenia","24747515","24,747,515"
"UNDP","2015","Burundi","24611993","24,611,993"
"WFP","2015","Mauritania","24504777.23","24,504,777"
"FAO","2015","Afghanistan","24489475.62","24,489,476"
"WFP","2015","Haiti","24254275.56","24,254,276"
"UNDP","2015","Sierra Leone","24084465","24,084,465"
"UNDP","2015","Syrian Arab Republic","24080637","24,080,637"
"UNDP","2015","Malawi","23895903","23,895,903"
"UNDP","2015","Burkina Faso","23809674","23,809,674"
"UNICEF","2015","Brazil","23717389.99","23,717,390"
"WFP","2015","Zimbabwe","23536786.59","23,536,787"
"UNDP","2015","Belarus","23310669","23,310,669"
"UNHCR","2015","Ukraine","23128945.16","23,128,945"
"UNICEF","2015","Cambodia","22821226.27","22,821,226"
"FAO","2015","Zimbabwe","22637611.79","22,637,612"
"UNFPA","2015","Zimbabwe","22553237.93","22,553,238"
"UNFPA","2015","Somalia","22471102.94","22,471,103"
"FAO","2015","Central African Republic","22363975.2","22,363,975"
"WHO","2015","Myanmar","21963000","21,963,000"
"UNICEF","2015","Mauritania","21903212.96","21,903,213"
"UNICEF","2015","Argentina","21657193.05","21,657,193"
"UNFPA","2015","Nigeria","21606176.06","21,606,176"
"UNDP","2015","Republic of Moldova","21447964","21,447,964"
"UNICEF","2015","Fiji","21428162.6","21,428,163"
"UNFPA","2015","Democratic Republic of the Congo","21360164.24","21,360,164"
"UNICEF","2015","Eritrea","21037650.43","21,037,650"
"UN-HABITAT","2015","Afghanistan","20922893.82","20,922,894"
"UNDP","2015","Cambodia","20687179","20,687,179"
"UNFPA","2015","Afghanistan","20620917.73","20,620,918"
"UNFPA","2015","South Sudan","20517072.6","20,517,073"
"UNDP","2015","Chad","20474748","20,474,748"
"UNICEF","2015","Ukraine","20460875.17","20,460,875"
"UNFPA","2015","Sierra Leone","20345452.6","20,345,453"
"WFP","2015","Guatemala","20238923.09","20,238,923"
"WFP","2015","Burkina Faso","20076099.45","20,076,099"
"UNHCR","2015","Myanmar","20051321.53","20,051,322"
"UNDP","2015","Chile","19985779","19,985,779"
"UNDP","2015","Lao People's Democratic Republic","19942595","19,942,595"
"WFP","2015","Mozambique","19886335.29","19,886,335"
"ILO","2015","Bangladesh","19789216","19,789,216"
"UNDP","2015","Uganda","19388751","19,388,751"
"UNFPA","2015","Uganda","19052659.84","19,052,660"
"UNDP","2015","Niger","19032454","19,032,454"
"UNDP","2015","Nicaragua","18848040","18,848,040"
"UNHCR","2015","Thailand","18690793.990000002","18,690,794"
"WHO","2015","Cameroon","18561000","18,561,000"
"UNICEF","2015","Egypt","18456644.59","18,456,645"
"UNDP","2015","Rwanda","18387251","18,387,251"
"UNFPA","2015","Iraq","18217937.26","18,217,937"
"UNICEF","2015","Senegal","18000357.34","18,000,357"
"UNIDO","2015","China","17793326.88","17,793,327"
"UNDP","2015","Iran (Islamic Republic of)","17762830","17,762,830"
"UNDP","2015","Honduras","17744903","17,744,903"
"UNDP","2015","Georgia","17490108","17,490,108"
"UNHCR","2015","Mali","17391830.05","17,391,830"
"UNDP","2015","Kazakhstan","17364084","17,364,084"
"UNDP","2015","Sri Lanka","17166197","17,166,197"
"UNDP","2015","Uruguay","17091093","17,091,093"
"UNDP","2015","Madagascar","17017264","17,017,264"
"FAO","2015","Ethiopia","17011828.04","17,011,828"
"UNDP","2015","Cuba","16916107","16,916,107"
"UNDP","2015","Serbia","16865965","16,865,965"
"UNICEF","2015","Angola","16718241.18","16,718,241"
"FAO","2015","Pakistan","16631888.36","16,631,888"
"UNFPA","2015","Ethiopia","16601702.93","16,601,703"
"WHO","2015","Mali","16358000","16,358,000"
"UNHCR","2015","Liberia","16315851.58","16,315,852"
"UNDP","2015","Mozambique","16255734","16,255,734"
"FAO","2015","Syrian Arab Republic","16234241.76","16,234,242"
"UNDP","2015","Uzbekistan","16174541","16,174,541"
"WFP","2015","Algeria","16087943.92","16,087,944"
"WFP","2015","Philippines","15989733.51","15,989,734"
"UNICEF","2015","Benin","15961408","15,961,408"
"WHO","2015","Indonesia","15910000","15,910,000"
"UNDP","2015","Jordan","15634633","15,634,633"
"UNHCR","2015","Burundi","15631142.09","15,631,142"
"UNDP","2015","Papua New Guinea","15441784","15,441,784"
"UNHCR","2015","Algeria","15427726.1","15,427,726"
"UNDP","2015","Benin","15399015","15,399,015"
"UNHCR","2015","Colombia","15397470.57","15,397,471"
"WHO","2015","Bangladesh","15310000","15,310,000"
"UNFPA","2015","Sudan","15145667.64","15,145,668"
"UNHCR","2015","Greece","15135816.76","15,135,817"
"UNDP","2015","Panama","15067579","15,067,579"
"FAO","2015","Philippines","14857824.92","14,857,825"
"UNFPA","2015","United Republic of Tanzania","14770666.57","14,770,667"
"FAO","2015","Bangladesh","14703248.38","14,703,248"
"FAO","2015","Uganda","14652169.84","14,652,170"
"UNFPA","2015","Turkey","14541876.899999999","14,541,877"
"WHO","2015","Chad","14539000","14,539,000"
"UNHCR","2015","Burkina Faso","14509132.01","14,509,132"
"WHO","2015","Angola","14435000","14,435,000"
"UNDP","2015","Angola","14361992","14,361,992"
"UNFPA","2015","Bangladesh","14320619.17","14,320,619"
"UNFPA","2015","Syrian Arab Republic","14308641.51","14,308,642"
"UNICEF","2015","Guinea-Bissau","14212191.35","14,212,191"
"UNDP","2015","Timor-Leste","14192207","14,192,207"
"WHO","2015","Niger","14038000","14,038,000"
"WFP","2015","Madagascar","14031110.63","14,031,111"
"UNICEF","2015","Lao People's Democratic Republic","14028223.31","14,028,223"
"UNDP","2015","Guinea-Bissau","13980176","13,980,176"
"WFP","2015","Thailand","13968439.29","13,968,439"
"UNDP","2015","Morocco","13878056","13,878,056"
"WFP","2015","Lao People's Democratic Republic","13783129.64","13,783,130"
"UNICEF","2015","Viet Nam","13599983.78","13,599,984"
"UNHCR","2015","South Africa","13432320.31","13,432,320"
"UNFPA","2015","Egypt","13250845.129999999","13,250,845"
"WHO","2015","Viet Nam","13126000","13,126,000"
"WFP","2015","Colombia","13122885.76","13,122,886"
"UNDP","2015","Tunisia","13061249","13,061,249"
"UNHCR","2015","Mauritania","12959419.92","12,959,420"
"UNHCR","2015","Ecuador","12935230.91","12,935,231"
"UNDP","2015","Ghana","12838748","12,838,748"
"UNFPA","2015","Malawi","12811025.91","12,811,026"
"WHO","2015","Nepal","12764000","12,764,000"
"UNFPA","2015","Niger","12648974.09","12,648,974"
"UNFPA","2015","Thailand","12583008.28","12,583,008"
"WHO","2015","Lebanon","12456000","12,456,000"
"FAO","2015","Democratic Republic of the Congo","12391145.25","12,391,145"
"UNFPA","2015","Liberia","12384081.26","12,384,081"
"WHO","2015","Uganda","12283000","12,283,000"
"UNICEF","2015","Colombia","12264170.42","12,264,170"
"UNICEF","2015","South Africa","12256608.53","12,256,609"
"WFP","2015","Tajikistan","12142114.01","12,142,114"
"UNICEF","2015","Timor-Leste","12140867.08","12,140,867"
"UNICEF","2015","Kyrgyzstan","12134066.73","12,134,067"
"UNFPA","2015","Myanmar","12108170.56","12,108,171"
"UNHCR","2015","Senegal","12071252.66","12,071,253"
"UNICEF","2015","Thailand","12061392.76","12,061,393"
"UNHCR","2015","Serbia","12048810.51","12,048,811"
"ILO","2015","Timor-Leste","11969531","11,969,531"
"WHO","2015","Democratic People's Republic of Korea","11941000","11,941,000"
"UNFPA","2015","Kenya","11791255.95","11,791,256"
"UNHCR","2015","Nigeria","11744077.77","11,744,078"
"FAO","2015","Sudan","11728964.27","11,728,964"
"UNDP","2015","Fiji","11647765","11,647,765"
"UNICEF","2015","Congo","11523094","11,523,094"
"UNDP","2015","Albania","11457055","11,457,055"
"WHO","2015","Madagascar","11408000","11,408,000"
"WFP","2015","Lesotho","11395796.36","11,395,796"
"WFP","2015","Cambodia","11388057.13","11,388,057"
"UNDP","2015","Russian Federation","11352157","11,352,157"
"UNHCR","2015","Congo","11293715.38","11,293,715"
"UNDP","2015","Eritrea","11159209","11,159,209"
"UNFPA","2015","India","11152199.24","11,152,199"
"WHO","2015","Lao People's Democratic Republic","11135000","11,135,000"
"UNICEF","2015","Togo","11117879.78","11,117,880"
"FAO","2015","Colombia","10691175.71","10,691,176"
"UNFPA","2015","Panama","10651496.08","10,651,496"
"WFP","2015","Cote d'Ivoire","10564836.87","10,564,837"
"UNODC","2015","Nigeria","10549205","10,549,205"
"UNICEF","2015","Sri Lanka","10497410.1","10,497,410"
"WFP","2015","South Africa","10479553.57","10,479,554"
"FAO","2015","Madagascar","10471636.48","10,471,636"
"WHO","2015","China","10347000","10,347,000"
"UNICEF","2015","Bolivia (Plurinational State of)","10262472.05","10,262,472"
"WHO","2015","United Republic of Tanzania","10242000","10,242,000"
"WHO","2015","Burkina Faso","10138000","10,138,000"
"UNDP","2015","Libya","10119223","10,119,223"
"UNICEF","2015","Papua New Guinea","10096632.97","10,096,633"
"UNFPA","2015","Pakistan","10067551.71","10,067,552"
"UNDP","2015","Azerbaijan","10061992","10,061,992"
"FAO","2015","Burkina Faso","10042322.59","10,042,323"
"UNODC","2015","Afghanistan","10033017","10,033,017"
"WHO","2015","Cambodia","10030000","10,030,000"
"UNDP","2015","Kosovo","10011114","10,011,114"
"UNDP","2015","Ecuador","9975748","9,975,748"
"UNICEF","2015","Mexico","9934802.72","9,934,803"
"FAO","2015","Lithuania","9779626.867","9,779,627"
"UNDP","2015","Bolivia (Plurinational State of)","9743288","9,743,288"
"WFP","2015","Panama","9730876.92","9,730,877"
"WFP","2015","Ghana","9710894.18","9,710,894"
"FAO","2015","Kenya","9640950.579","9,640,951"
"UNDP","2015","Togo","9638527","9,638,527"
"UNHCR","2015","Nepal","9617018.06","9,617,018"
"FAO","2015","Occupied Palestinian Territory","9611212.144","9,611,212"
"WHO","2015","Ukraine","9454000","9,454,000"
"UNHCR","2015","Djibouti","9386067.47","9,386,067"
"UNDP","2015","Maldives","9327368","9,327,368"
"UNFPA","2015","Cote d'Ivoire","9320537.7","9,320,538"
"WFP","2015","Kyrgyzstan","9301118.64","9,301,119"
"FAO","2015","Saudi Arabia","9200183.636","9,200,184"
"UNHCR","2015","Cote d'Ivoire","9099744.51","9,099,745"
"UNDP","2015","The former Yugoslav Republic of Macedonia","9074687","9,074,687"
"UNFPA","2015","Nepal","9033256.96","9,033,257"
"UNFPA","2015","Mozambique","9029511.34","9,029,511"
"UNHCR","2015","Zambia","8907143.86","8,907,144"
"WFP","2015","Djibouti","8839866.26","8,839,866"
"UNHCR","2015","Malaysia","8831293.58","8,831,294"
"WHO","2015","Occupied Palestinian Territory","8829000","8,829,000"
"UNHCR","2015","Italy","8807287.8","8,807,288"
"UNICEF","2015","Guatemala","8778646.72","8,778,647"
"UNFPA","2015","Jordan","8694835.18","8,694,835"
"UNDP","2015","Comoros","8688402","8,688,402"
"UNICEF","2015","Uzbekistan","8676344.87","8,676,345"
"FAO","2015","Mali","8621092.533","8,621,093"
"UNDP","2015","Congo","8592909","8,592,909"
"WHO","2015","Philippines","8581000","8,581,000"
"FAO","2015","Mozambique","8578385.747","8,578,386"
"UN-HABITAT","2015","Somalia","8575501.57","8,575,502"
"UNDP","2015","Namibia","8496842","8,496,842"
"FAO","2015","Niger","8315417.8","8,315,418"
"UNFPA","2015","Guinea","8301430.55","8,301,431"
"UNDP","2015","Cabo Verde","8237038","8,237,038"
"UNDP","2015","South Africa","8230222","8,230,222"
"UNDP","2015","Kuwait","8154728","8,154,728"
"WFP","2015","Congo","8108255.06","8,108,255"
"UNHCR","2015","Bosnia and Herzegovina","8107841.24","8,107,841"
"ILO","2015","Egypt","8085706","8,085,706"
"UNDP","2015","Mauritania","8054324","8,054,324"
"UNIDO","2015","Russian Federation","8005044.42","8,005,044"
"UNFPA","2015","Burkina Faso","7966466.94","7,966,467"
"WHO","2015","Central African Republic","7966000","7,966,000"
"ICAO","2015","Peru","7948510.91","7,948,511"
"UNDP","2015","Gambia","7928087","7,928,087"
"UNDP","2015","Samoa","7861921","7,861,921"
"UNICEF","2015","Bosnia and Herzegovina","7847624.91","7,847,625"
"UNDP","2015","Mauritius","7845149","7,845,149"
"FAO","2015","Chad","7818198.884","7,818,199"
"UNDP","2015","Turkmenistan","7758412","7,758,412"
"WHO","2015","Egypt","7734000","7,734,000"
"UNDP","2015","Sao Tome and Principe","7703540","7,703,540"
"UNDP","2015","Malaysia","7675853","7,675,853"
"UNDP","2015","Equatorial Guinea","7557123","7,557,123"
"UNICEF","2015","Peru","7515618.41","7,515,618"
"UNDP","2015","Thailand","7468196","7,468,196"
"WFP","2015","El Salvador","7454070.3","7,454,070"
"UNICEF","2015","Lesotho","7401100.86","7,401,101"
"UNHCR","2015","Georgia","7326978.2","7,326,978"
"UNHCR","2015","Libya","7304358.31","7,304,358"
"UNFPA","2015","Philippines","7282689.8","7,282,690"
"FAO","2015","Mexico","7208863.62","7,208,864"
"UNFPA","2015","Fiji","7194719.93","7,194,720"
"UNDP","2015","Costa Rica","7178888","7,178,888"
"FAO","2015","China","7141978.624","7,141,979"
"UNICEF","2015","Tajikistan","7136732.14","7,136,732"
"UNFPA","2015","Cameroon","7102513.81","7,102,514"
"WFP","2015","Nicaragua","7076427.32","7,076,427"
"UNDP","2015","Cyprus","7058238","7,058,238"
"UNFPA","2015","Zambia","6988961.89","6,988,962"
"UNDP","2015","Mongolia","6978939","6,978,939"
"UN-HABITAT","2015","Sri Lanka","6884780.918","6,884,781"
"UNICEF","2015","Djibouti","6878219.7","6,878,220"
"ICAO","2015","Saudi Arabia","6874976.78","6,874,977"
"UNIDO","2015","Nigeria","6772032.418","6,772,032"
"WFP","2015","Zambia","6766493.12","6,766,493"
"UNFPA","2015","Senegal","6658033.39","6,658,033"
"ILO","2015","Philippines","6646875","6,646,875"
"UNDP","2015","Cameroon","6632831","6,632,831"
"WHO","2015","Cote d'Ivoire","6595000","6,595,000"
"UNDP","2015","United Arab Emirates","6591844","6,591,844"
"UNICEF","2015","Malaysia","6587868.94","6,587,869"
"UNDP","2015","Djibouti","6541391","6,541,391"
"UNDP","2015","Montenegro","6540377","6,540,377"
"UNHCR","2015","Bangladesh","6516408.58","6,516,409"
"WHO","2015","Benin","6513000","6,513,000"
"ILO","2015","Myanmar","6497989","6,497,989"
"UNDP","2015","Bhutan","6461934","6,461,934"
"UNFPA","2015","Chad","6407104.56","6,407,105"
"ILO","2015","Somalia","6399979","6,399,979"
"FAO","2015","Zambia","6395905.829","6,395,906"
"UNICEF","2015","Gambia","6375562.36","6,375,562"
"UNFPA","2015","Yemen","6371298.36","6,371,298"
"FAO","2015","Nepal","6330102.869","6,330,103"
"UNODC","2015","Pakistan","6244254","6,244,254"
"UNFPA","2015","Madagascar","6199769.64","6,199,770"
"FAO","2015","Serbia","6191107.197","6,191,107"
"UNIDO","2015","Egypt","6184933.6","6,184,934"
"UNHCR","2015","India","6096566.31","6,096,566"
"UNICEF","2015","Barbados","6093701.06","6,093,701"
"WHO","2015","Namibia","5976000","5,976,000"
"WHO","2015","Greece","5969000","5,969,000"
"UNICEF","2015","Bhutan","5960158.44","5,960,158"
"UNICEF","2015","Namibia","5895830.92","5,895,831"
"UNHCR","2015","Venezuela (Bolivarian Republic of)","5881210.61","5,881,211"
"UNFPA","2015","Guatemala","5845643.38","5,845,643"
"FAO","2015","Haiti","5811284.224","5,811,284"
"FAO","2015","Chile","5782110.17","5,782,110"
"FAO","2015","Yemen","5777507.692","5,777,508"
"FAO","2015","Iraq","5749787.804","5,749,788"
"UNIDO","2015","Iraq","5748900.011","5,748,900"
"FAO","2015","Sri Lanka","5729019.324","5,729,019"
"UNDP","2015","Trinidad and Tobago","5711907","5,711,907"
"WHO","2015","Ghana","5676000","5,676,000"
"UNICEF","2015","Serbia","5656693.39","5,656,693"
"FAO","2015","Guinea","5608299.351","5,608,299"
"WFP","2015","Sri Lanka","5606200.96","5,606,201"
"UNFPA","2015","Haiti","5591454.46","5,591,454"
"UNIDO","2015","Cote d'Ivoire","5584056.696","5,584,057"
"UNHCR","2015","United States of America","5583071.98","5,583,072"
"ILO","2015","Zambia","5574462","5,574,462"
"WFP","2015","Indonesia","5498190.87","5,498,191"
"WHO","2015","Mozambique","5495000","5,495,000"
"UNDP","2015","Algeria","5485775","5,485,775"
"UNDP","2015","Botswana","5484932","5,484,932"
"FAO","2015","Indonesia","5429939.012","5,429,939"
"UNFPA","2015","Ghana","5364404.14","5,364,404"
"UNFPA","2015","Burundi","5334485.78","5,334,486"
"UN-HABITAT","2015","Myanmar","5324220.1","5,324,220"
"UN-HABITAT","2015","Pakistan","5303664.76","5,303,665"
"UNHCR","2015","Panama","5301000.63","5,301,001"
"UNFPA","2015","Viet Nam","5271215.02","5,271,215"
"UNDP","2015","Solomon Islands","5258490","5,258,490"
"WFP","2015","Ecuador","5258066.47","5,258,066"
"ILO","2015","South Africa","5241577","5,241,577"
"ILO","2015","Viet Nam","5233133","5,233,133"
"UNHCR","2015","Sri Lanka","5232283.56","5,232,284"
"WHO","2015","Papua New Guinea","5203000","5,203,000"
"UNICEF","2015","Ecuador","5161693.31","5,161,693"
"UNFPA","2015","Central African Republic","5143107.81","5,143,108"
"UNFPA","2015","Cambodia","5139454.97","5,139,455"
"UNICEF","2015","Georgia","5074044.58","5,074,045"
"UNFPA","2015","Indonesia","5069557.49","5,069,557"
"FAO","2015","Nigeria","5049573.76","5,049,574"
"ILO","2015","Indonesia","5049021","5,049,021"
"FAO","2015","Angola","5019101.513","5,019,102"
"UNDP","2015","Guyana","5014023","5,014,023"
"WFP","2015","Libya","4998561.71","4,998,562"
"WHO","2015","Timor-Leste","4963000","4,963,000"
"UNHCR","2015","Zimbabwe","4949382.78","4,949,383"
"UNFPA","2015","Rwanda","4948696.61","4,948,697"
"UNFPA","2015","China","4933031.04","4,933,031"
"WHO","2015","Zimbabwe","4932000","4,932,000"
"FAO","2015","Bolivia (Plurinational State of)","4922109.137","4,922,109"
"WHO","2015","Turkey","4907000","4,907,000"
"UNFPA","2015","Benin","4869953.42","4,869,953"
"UNDP","2015","Lesotho","4864684","4,864,684"
"UNICEF","2015","Mongolia","4832072.87","4,832,073"
"WFP","2015","Guinea-Bissau","4831488.42","4,831,488"
"UNICEF","2015","Armenia","4798364.54","4,798,365"
"FAO","2015","Honduras","4785538.533","4,785,539"
"UNHCR","2015","Ghana","4766934.06","4,766,934"
"FAO","2015","Malawi","4743646.362","4,743,646"
"UNDP","2015","Jamaica","4680712","4,680,712"
"UN-HABITAT","2015","Iraq","4678551.64","4,678,552"
"UN-HABITAT","2015","Democratic Republic of the Congo","4645231.99","4,645,232"
"UNFPA","2015","Lebanon","4624782.69","4,624,783"
"UNICEF","2015","Morocco","4624058.54","4,624,059"
"FAO","2015","Viet Nam","4607198.961","4,607,199"
"UNICEF","2015","Comoros","4606730.78","4,606,731"
"ICAO","2015","Somalia","4514772.079","4,514,772"
"UNFPA","2015","Mali","4514728.95","4,514,729"
"UNHCR","2015","Hungary","4506080.81","4,506,081"
"UNICEF","2015","Kazakhstan","4460688.28","4,460,688"
"UNHCR","2015","Kazakhstan","4438522.83","4,438,523"
"UNFPA","2015","Togo","4438150.79","4,438,151"
"WHO","2015","Thailand","4401000","4,401,000"
"WFP","2015","Armenia","4390358.76","4,390,359"
"ICAO","2015","Bahamas","4368384.022","4,368,384"
"UNDP","2015","Gabon","4347488","4,347,488"
"WHO","2015","Senegal","4347000","4,347,000"
"WHO","2015","South Africa","4335000","4,335,000"
"UNHCR","2015","Reunion","4271511.76","4,271,512"
"UNICEF","2015","Honduras","4268582.42","4,268,582"
"UNFPA","2015","Angola","4213970.27","4,213,970"
"UNHCR","2015","Indonesia","4203383.66","4,203,384"
"UNFPA","2015","Honduras","4193885.24","4,193,885"
"UNICEF","2015","Romania","4161446.78","4,161,447"
"WHO","2015","Zambia","4148000","4,148,000"
"UN-HABITAT","2015","Occupied Palestinian Territory","4141611.41","4,141,611"
"WFP","2015","Cuba","4132585.98","4,132,586"
"WHO","2015","Malawi","4039000","4,039,000"
"WFP","2015","Gambia","4036526.61","4,036,527"
"ILO","2015","United Republic of Tanzania","4021497","4,021,497"
"UNICEF","2015","Swaziland","3973174.58","3,973,175"
"FAO","2015","Turkey","3971725.117","3,971,725"
"UNIDO","2015","Sudan","3951818.665","3,951,819"
"UNFPA","2015","Jamaica","3926082.0100000002","3,926,082"
"UNHCR","2015","Russian Federation","3925108.83","3,925,109"
"UNHCR","2015","The former Yugoslav Republic of Macedonia","3917536.7","3,917,537"
"UNHCR","2015","Tunisia","3917087.69","3,917,088"
"UNICEF","2015","Chile","3888522.12","3,888,522"
"WFP","2015","Vanuatu","3886543.78","3,886,544"
"UNICEF","2015","Venezuela (Bolivarian Republic of)","3871743.67","3,871,744"
"UNODC","2015","Somalia","3866301","3,866,301"
"UNICEF","2015","Iran (Islamic Republic of)","3862927.13","3,862,927"
"FAO","2015","Cambodia","3862510.942","3,862,511"
"UNHCR","2015","Kosovo","3861927.41","3,861,927"
"FAO","2015","Lebanon","3827725.132","3,827,725"
"UNFPA","2015","Mongolia","3801955.32","3,801,955"
"UNDP","2015","Barbados","3801226","3,801,226"
"ILO","2015","Tunisia","3778446","3,778,446"
"UNICEF","2015","Uruguay","3772305.09","3,772,305"
"UNFPA","2015","Lao People's Democratic Republic","3753015.81","3,753,016"
"UNHCR","2015","Angola","3748945.99","3,748,946"
"UNICEF","2015","Kosovo","3740685.02","3,740,685"
"WHO","2015","Jordan","3713000","3,713,000"
"FAO","2015","Tunisia","3702736.233","3,702,736"
"FAO","2015","Panama","3696554.417","3,696,554"
"FAO","2015","Senegal","3688448.895","3,688,449"
"UNHCR","2015","Malawi","3686190.76","3,686,191"
"FAO","2015","United States of America","3666450.019","3,666,450"
"UNHCR","2015","Eritrea","3661426.88","3,661,427"
"UNHCR","2015","Saudi Arabia","3651060.55","3,651,061"
"WHO","2015","Equatorial Guinea","3638000","3,638,000"
"UNHCR","2015","Guinea","3634394.43","3,634,394"
"UNODC","2015","Panama","3598579","3,598,579"
"UNFPA","2015","Congo","3567872.56","3,567,873"
"UNDP","2015","Belize","3549624","3,549,624"
"UNDP","2015","Democratic People's Republic of Korea","3538118","3,538,118"
"WHO","2015","Rwanda","3528000","3,528,000"
"UNDP","2015","Swaziland","3519831","3,519,831"
"FAO","2015","Barbados","3519415.251","3,519,415"
"UNDP","2015","Bahrain","3506017","3,506,017"
"ICAO","2015","Panama","3491247.336","3,491,247"
"UNHCR","2015","China","3486536.5","3,486,537"
"WHO","2015","Congo","3485000","3,485,000"
"WHO","2015","Mongolia","3463000","3,463,000"
"UNICEF","2015","Nicaragua","3462289.3","3,462,289"
"UNHCR","2015","Croatia","3437582.27","3,437,582"
"UNFPA","2015","Bolivia (Plurinational State of)","3435210.92","3,435,211"
"FAO","2015","Gambia","3412303.188","3,412,303"
"UNICEF","2015","Libya","3400903.19","3,400,903"
"UNICEF","2015","Equatorial Guinea","3384502.79","3,384,503"
"UNICEF","2015","Croatia","3363385.71","3,363,386"
"ILO","2015","Cambodia","3349884","3,349,884"
"UNHCR","2015","Philippines","3344043.93","3,344,044"
"UNHCR","2015","Argentina","3338924.57","3,338,925"
"UNFPA","2015","Eritrea","3329350.07","3,329,350"
"UNHCR","2015","Kyrgyzstan","3308200.97","3,308,201"
"UNICEF","2015","Gabon","3300543.8","3,300,544"
"FAO","2015","Argentina","3298637.888","3,298,638"
"WHO","2015","Guinea-Bissau","3280000","3,280,000"
"UNICEF","2015","Republic of Moldova","3271719.04","3,271,719"
"UNFPA","2015","South Africa","3263032.97","3,263,033"
"WHO","2015","Togo","3248000","3,248,000"
"UNFPA","2015","Mauritania","3243121.83","3,243,122"
"WHO","2015","Gabon","3236000","3,236,000"
"UNIDO","2015","Pakistan","3231329.201","3,231,329"
"UNICEF","2015","Dominican Republic","3218859.35","3,218,859"
"FAO","2015","Myanmar","3218422.694","3,218,423"
"UNHCR","2015","Morocco","3211718.77","3,211,719"
"UNICEF","2015","Guyana","3201418.02","3,201,418"
"UNICEF","2015","Algeria","3191254.52","3,191,255"
"UNIDO","2015","Morocco","3183771.258","3,183,771"
"WHO","2015","Solomon Islands","3182000","3,182,000"
"UNIDO","2015","South Africa","3167431.368","3,167,431"
"UNICEF","2015","El Salvador","3132121.05","3,132,121"
"FAO","2015","Cote d'Ivoire","3118819.996","3,118,820"
"UNIDO","2015","Ethiopia","3113415.35","3,113,415"
"UNHCR","2015","Mozambique","3111291.65","3,111,292"
"UNFPA","2015","Nicaragua","3098351.27","3,098,351"
"UNICEF","2015","The former Yugoslav Republic of Macedonia","3096392.57","3,096,393"
"UNFPA","2015","Occupied Palestinian Territory","3073215.24","3,073,215"
"FAO","2015","Djibouti","3061622.502","3,061,623"
"WHO","2015","Republic of Moldova","3060000","3,060,000"
"FAO","2015","Burundi","3047758.567","3,047,759"
"WFP","2015","Bolivia (Plurinational State of)","3027852.57","3,027,853"
"WHO","2015","Eritrea","3022000","3,022,000"
"UNHCR","2015","Armenia","3015146.66","3,015,147"
"WHO","2015","Mauritania","2990000","2,990,000"
"FAO","2015","Cameroon","2983720.201","2,983,720"
"UNICEF","2015","Bulgaria","2977659.15","2,977,659"
"WHO","2015","Djibouti","2973000","2,973,000"
"UNHCR","2015","Brazil","2971265.47","2,971,265"
"UNFPA","2015","Papua New Guinea","2969735.02","2,969,735"
"UNHCR","2015","Belgium","2956175.16","2,956,175"
"FAO","2015","Liberia","2951680.609","2,951,681"
"WFP","2015","Swaziland","2947290.08","2,947,290"
"WFP","2015","Timor-Leste","2937823.02","2,937,823"
"WHO","2015","Sri Lanka","2925000","2,925,000"
"UNHCR","2015","Sweden","2919788.83","2,919,789"
"UNICEF","2015","Paraguay","2916932.14","2,916,932"
"FAO","2015","Guatemala","2900288.797","2,900,289"
"ILO","2015","Sri Lanka","2868771","2,868,771"
"FAO","2015","Sierra Leone","2855507.534","2,855,508"
"UNICEF","2015","Tunisia","2855478.12","2,855,478"
"UNICEF","2015","Cuba","2846977.55","2,846,978"
"UN-HABITAT","2015","Haiti","2846141.48","2,846,141"
"UNICEF","2015","Jamaica","2840537.14","2,840,537"
"FAO","2015","Brazil","2833342.449","2,833,342"
"UNICEF","2015","Belize","2830715","2,830,715"
"WHO","2015","Iran (Islamic Republic of)","2826000","2,826,000"
"UNFPA","2015","Colombia","2824744.57","2,824,745"
"UNHCR","2015","Botswana","2804221.02","2,804,221"
"ILO","2015","Haiti","2778432","2,778,432"
"UNIDO","2015","Viet Nam","2773735","2,773,735"
"UNHCR","2015","Israel","2772633.5","2,772,634"
"UNICEF","2015","Azerbaijan","2763084.35","2,763,084"
"UNIDO","2015","Mexico","2742357.407","2,742,357"
"WFP","2015","Benin","2741925.34","2,741,925"
"UN-HABITAT","2015","Nepal","2740394.52","2,740,395"
"WHO","2015","Uzbekistan","2738000","2,738,000"
"UNIDO","2015","India","2727341.849","2,727,342"
"UNFPA","2015","Timor-Leste","2722339.03","2,722,339"
"ILO","2015","Afghanistan","2716330","2,716,330"
"UNAIDS","2015","Nigeria","2705472","2,705,472"
"UNAIDS","2015","Myanmar","2702174","2,702,174"
"WFP","2015","Iran (Islamic Republic of)","2697792.59","2,697,793"
"FAO","2015","Mauritania","2693357.834","2,693,358"
"UNAIDS","2015","South Africa","2692328","2,692,328"
"UNICEF","2015","Albania","2678626.1","2,678,626"
"UNHCR","2015","Azerbaijan","2658439.9","2,658,440"
"FAO","2015","Rwanda","2638226.035","2,638,226"
"ILO","2015","Colombia","2616940","2,616,940"
"UNHCR","2015","Mexico","2597802.36","2,597,802"
"FAO","2015","Kyrgyzstan","2596658.45","2,596,658"
"WHO","2015","Maldives","2551000","2,551,000"
"UNICEF","2015","Botswana","2546443.56","2,546,444"
"WFP","2015","Nigeria","2543506.48","2,543,506"
"UNHCR","2015","Togo","2542327.1","2,542,327"
"UNHCR","2015","Japan","2536564.22","2,536,564"
"WHO","2015","Gambia","2533000","2,533,000"
"ILO","2015","Jordan","2515590","2,515,590"
"UNFPA","2015","Lesotho","2469384.17","2,469,384"
"UNHCR","2015","Costa Rica","2460829.96","2,460,830"
"WHO","2015","Kyrgyzstan","2444000","2,444,000"
"UNICEF","2015","Costa Rica","2440382.6","2,440,383"
"UNHCR","2015","United Arab Emirates","2408910.88","2,408,911"
"FAO","2015","Benin","2402566.347","2,402,566"
"WHO","2015","Tajikistan","2393000","2,393,000"
"UNICEF","2015","Maldives","2378807.94","2,378,808"
"ILO","2015","El Salvador","2368958","2,368,958"
"WHO","2015","Vanuatu","2355000","2,355,000"
"UNIDO","2015","Tunisia","2348099.376","2,348,099"
"ICAO","2015","Costa Rica","2308280.361","2,308,280"
"WHO","2015","Morocco","2304000","2,304,000"
"UNODC","2015","Kenya","2300796","2,300,796"
"UNIDO","2015","United Republic of Tanzania","2286280.033","2,286,280"
"UNFPA","2015","El Salvador","2285553.29","2,285,553"
"UNHCR","2015","France","2260589.63","2,260,590"
"ILO","2015","Pakistan","2247860","2,247,860"
"UNHCR","2015","United Kingdom of Great Britain and Northern Ireland","2246016.74","2,246,017"
"WHO","2015","Fiji","2236000","2,236,000"
"UNFPA","2015","Swaziland","2233466.35","2,233,466"
"UNFPA","2015","Guinea-Bissau","2223696.24","2,223,696"
"WFP","2015","India","2219836.83","2,219,837"
"UNODC","2015","Brazil","2218831","2,218,831"
"UNODC","2015","Occupied Palestinian Territory","2217127","2,217,127"
"WHO","2015","Burundi","2199000","2,199,000"
"UNICEF","2015","Oman","2198910.01","2,198,910"
"UNAIDS","2015","India","2189459","2,189,459"
"UNODC","2015","Mexico","2188729","2,188,729"
"UN-HABITAT","2015","Kenya","2187760.31","2,187,760"
"FAO","2015","Lao People's Democratic Republic","2187379.55","2,187,380"
"UNDP","2015","Croatia","2186040","2,186,040"
"UNFPA","2015","Peru","2183286.23","2,183,286"
"ILO","2015","Nepal","2160504","2,160,504"
"UNIDO","2015","Indonesia","2131654.847","2,131,655"
"UNICEF","2015","Turkmenistan","2131577","2,131,577"
"UNIDO","2015","Thailand","2126543.993","2,126,544"
"UNFPA","2015","Iran (Islamic Republic of)","2125204.63","2,125,205"
"FAO","2015","Ecuador","2116117.954","2,116,118"
"FAO","2015","Democratic People's Republic of Korea","2113859.077","2,113,859"
"UNFPA","2015","Ukraine","2112316.18","2,112,316"
"FAO","2015","El Salvador","2103559.502","2,103,560"
"UNHCR","2015","Romania","2096987.47","2,096,987"
"UNDP","2015","Suriname","2090753","2,090,753"
"WHO","2015","Tunisia","2080000","2,080,000"
"ICAO","2015","Namibia","2062562.505","2,062,563"
"UNICEF","2015","Sao Tome and Principe","2052794.22","2,052,794"
"UN-HABITAT","2015","Brazil","2047926.47","2,047,926"
"FAO","2015","Cabo Verde","2047771.787","2,047,772"
"FAO","2015","Morocco","2046216.474","2,046,216"
"UNIDO","2015","Japan","2036772.845","2,036,773"
"UN-HABITAT","2015","Lebanon","2032944.61","2,032,945"
"WFP","2015","Peru","2023792.83","2,023,793"
"ILO","2015","Ethiopia","2021724","2,021,724"
"FAO","2015","Papua New Guinea","2018712.982","2,018,713"
"UN-HABITAT","2015","Colombia","2011949.62","2,011,950"
"UNIDO","2015","South Sudan","2010618.993","2,010,619"
"FAO","2015","Georgia","2002787.438","2,002,787"
"UNHCR","2015","Montenegro","2000700.41","2,000,700"
"UNIDO","2015","Bangladesh","1994062.385","1,994,062"
"UNIDO","2015","Saudi Arabia","1993626.4","1,993,626"
"WHO","2015","Swaziland","1939000","1,939,000"
"WFP","2015","Bhutan","1928723.16","1,928,723"
"ILO","2015","Brazil","1926868","1,926,868"
"UNHCR","2015","Germany","1926334.56","1,926,335"
"UNFPA","2015","Equatorial Guinea","1920491.76","1,920,492"
"FAO","2015","Tajikistan","1898055.319","1,898,055"
"UNFPA","2015","Kazakhstan","1896631.57","1,896,632"
"FAO","2015","Timor-Leste","1886413.431","1,886,413"
"UNODC","2015","Kyrgyzstan","1884044","1,884,044"
"UNFPA","2015","Kyrgyzstan","1877358.62","1,877,359"
"ILO","2015","India","1873838","1,873,838"
"UNICEF","2015","Panama","1867886.72","1,867,887"
"UNIDO","2015","Philippines","1867472.757","1,867,473"
"UNIDO","2015","Cambodia","1865590.711","1,865,591"
"UNFPA","2015","Gambia","1863856.31","1,863,856"
"UNIDO","2015","Mozambique","1863757.451","1,863,757"
"FAO","2015","Switzerland","1856978.086","1,856,978"
"UNFPA","2015","Namibia","1855844.38","1,855,844"
"WHO","2015","Botswana","1853000","1,853,000"
"UNAIDS","2015","Zimbabwe","1852852","1,852,852"
"UNODC","2015","Bolivia (Plurinational State of)","1841386","1,841,386"
"UNAIDS","2015","Democratic Republic of the Congo","1828287","1,828,287"
"FAO","2015","Egypt","1826812.483","1,826,812"
"WHO","2015","Russian Federation","1822000","1,822,000"
"UNFPA","2015","Morocco","1820481.02","1,820,481"
"UNHCR","2015","Tajikistan","1796811.95","1,796,812"
"WHO","2015","Libya","1777000","1,777,000"
"UNIDO","2015","Guinea","1776421.86","1,776,422"
"UNICEF","2015","Cabo Verde","1770843.43","1,770,843"
"UNFPA","2015","Mexico","1769628.33","1,769,628"
"UNICEF","2015","Montenegro","1765894.02","1,765,894"
"WHO","2015","Samoa","1763000","1,763,000"
"UNHCR","2015","Spain","1758779.09","1,758,779"
"ILO","2015","Morocco","1750605","1,750,605"
"UN-HABITAT","2015","Philippines","1749364.24","1,749,364"
"UN-HABITAT","2015","Egypt","1726547.82","1,726,548"
"UNHCR","2015","Western Sahara","1713718.5","1,713,719"
"UNFPA","2015","Uzbekistan","1706627.51","1,706,628"
"UNIDO","2015","Turkey","1700495.503","1,700,496"
"UNFPA","2015","Botswana","1699527.45","1,699,527"
"WFP","2015","Dominican Republic","1697852.83","1,697,853"
"FAO","2015","Namibia","1692095.606","1,692,096"
"UNFPA","2015","Sri Lanka","1686674.96","1,686,675"
"FAO","2015","Mongolia","1682777.998","1,682,778"
"UNICEF","2015","Saudi Arabia","1679954.46","1,679,954"
"UNFPA","2015","Democratic People's Republic of Korea","1665992.33","1,665,992"
"UNFPA","2015","Tajikistan","1642682.77","1,642,683"
"UNFPA","2015","Cabo Verde","1633102.98","1,633,103"
"WHO","2015","Lesotho","1633000","1,633,000"
"WHO","2015","Bhutan","1628000","1,628,000"
"UNHCR","2015","Australia","1596936.27","1,596,936"
"UNHCR","2015","Dominican Republic","1594908.38","1,594,908"
"ICAO","2015","Uruguay","1590020.946","1,590,021"
"FAO","2015","Eritrea","1562668.699","1,562,669"
"UNAIDS","2015","Uganda","1561412","1,561,412"
"UNHCR","2015","Albania","1560034.08","1,560,034"
"UNIDO","2015","Armenia","1559539.891","1,559,540"
"UNAIDS","2015","Kenya","1556803","1,556,803"
"UNHCR","2015","Canada","1555827.87","1,555,828"
"FAO","2015","India","1547526.703","1,547,527"
"UNFPA","2015","Uruguay","1540858.09","1,540,858"
"UNFPA","2015","Djibouti","1534324.63","1,534,325"
"UNIDO","2015","Ukraine","1516253.053","1,516,253"
"WHO","2015","Kazakhstan","1516000","1,516,000"
"UNODC","2015","Peru","1514600","1,514,600"
"WHO","2015","Cabo Verde","1511000","1,511,000"
"FAO","2015","Paraguay","1500965.096","1,500,965"
"FAO","2015","United Republic of Tanzania","1500822.452","1,500,822"
"ILO","2015","Zimbabwe","1490311","1,490,311"
"UNIDO","2015","Malaysia","1484768.26","1,484,768"
"UN-HABITAT","2015","Saudi Arabia","1483721.77","1,483,722"
"UNHCR","2015","Bulgaria","1481794.85","1,481,795"
"UNAIDS","2015","Mozambique","1476144","1,476,144"
"UNODC","2015","United Arab Emirates","1467976","1,467,976"
"ILO","2015","Uzbekistan","1457601","1,457,601"
"UNAIDS","2015","Malawi","1455485","1,455,485"
"UNDP","2015","Romania","1449713","1,449,713"
"WHO","2015","Oman","1445000","1,445,000"
"FAO","2015","Liechtenstein","1437477.745","1,437,478"
"FAO","2015","Lesotho","1435772.727","1,435,773"
"UNAIDS","2015","China","1429180","1,429,180"
"UNFPA","2015","Venezuela (Bolivarian Republic of)","1429137.74","1,429,138"
"ILO","2015","Peru","1418543","1,418,543"
"UN-HABITAT","2015","Sudan","1418322.95","1,418,323"
"UNHCR","2015","Slovenia","1418213.66","1,418,214"
"UNAIDS","2015","Viet Nam","1417164","1,417,164"
"UNIDO","2015","Iran (Islamic Republic of)","1405791.51","1,405,792"
"ILO","2015","Madagascar","1402729","1,402,729"
"ILO","2015","Democratic Republic of the Congo","1400427","1,400,427"
"ILO","2015","Lao People's Democratic Republic","1393107","1,393,107"
"UN-HABITAT","2015","Mexico","1389000.25","1,389,000"
"UNFPA","2015","Sao Tome and Principe","1385816.32","1,385,816"
"UNIDO","2015","Uruguay","1380271.816","1,380,272"
"UNDP","2015","Grenada","1377927","1,377,927"
"FAO","2015","Guinea-Bissau","1377859.694","1,377,860"
"FAO","2015","Armenia","1376557.708","1,376,558"
"UNODC","2015","Egypt","1374949","1,374,949"
"FAO","2015","Dominican Republic","1371781.805","1,371,782"
"FAO","2015","Peru","1371165.635","1,371,166"
"UNIDO","2015","Senegal","1371015.58","1,371,016"
"UN-HABITAT","2015","Ghana","1369705.66","1,369,706"
"UNHCR","2015","Cyprus","1362288.91","1,362,289"
"ICAO","2015","Mexico","1356945.834","1,356,946"
"UNHCR","2015","Republic of Korea","1355674","1,355,674"
"UNAIDS","2015","South Sudan","1339254","1,339,254"
"WHO","2015","Algeria","1320000","1,320,000"
"UNFPA","2015","Brazil","1315702.96","1,315,703"
"UNFPA","2015","Gabon","1314363.54","1,314,364"
"UNICEF","2015","Belarus","1302002.26","1,302,002"
"UNAIDS","2015","United Republic of Tanzania","1300962","1,300,962"
"FAO","2015","Swaziland","1286544.836","1,286,545"
"UNIDO","2015","Lebanon","1286197.505","1,286,198"
"UNFPA","2015","Ecuador","1285226.96","1,285,227"
"FAO","2015","Iran (Islamic Republic of)","1272790.894","1,272,791"
"FAO","2015","Nicaragua","1267489.869","1,267,490"
"UNFPA","2015","Comoros","1254668.53","1,254,669"
"ILO","2015","Uganda","1252381","1,252,381"
"UN-HABITAT","2015","Liberia","1251980.92","1,251,981"
"UNIDO","2015","Myanmar","1248518.359","1,248,518"
"UNAIDS","2015","Zambia","1232635","1,232,635"
"UNFPA","2015","Oman","1227312.54","1,227,313"
"ILO","2015","Japan","1218050","1,218,050"
"UNHCR","2015","Belarus","1204244.48","1,204,244"
"UNIDO","2015","Ghana","1202128.249","1,202,128"
"FAO","2015","Togo","1195744.006","1,195,744"
"WHO","2015","Comoros","1190000","1,190,000"
"UNAIDS","2015","Cote d'Ivoire","1179344","1,179,344"
"UNFPA","2015","Georgia","1178333.2","1,178,333"
"UNFPA","2015","Dominican Republic","1177575.71","1,177,576"
"UNIDO","2015","Kenya","1172326.258","1,172,326"
"WHO","2015","Sao Tome and Principe","1172000","1,172,000"
"UNFPA","2015","Costa Rica","1171043.56","1,171,044"
"UNFPA","2015","Bhutan","1168583.29","1,168,583"
"WHO","2015","Saudi Arabia","1168000","1,168,000"
"UNFPA","2015","Cuba","1161642.04","1,161,642"
"UNAIDS","2015","Ethiopia","1158723","1,158,723"
"UNFPA","2015","Bosnia and Herzegovina","1156778.56","1,156,779"
"UNAIDS","2015","Botswana","1154800","1,154,800"
"UNAIDS","2015","Guatemala","1148595","1,148,595"
"ILO","2015","Uruguay","1141251","1,141,251"
"UNIDO","2015","Jordan","1133344.3","1,133,344"
"UNAIDS","2015","Papua New Guinea","1115240","1,115,240"
"UNIDO","2015","Chad","1102730.241","1,102,730"
"UNAIDS","2015","Cameroon","1102397","1,102,397"
"UNAIDS","2015","Ukraine","1097488","1,097,488"
"WFP","2015","Tunisia","1094302.8","1,094,303"
"ILO","2015","Malawi","1092245","1,092,245"
"UNODC","2015","Myanmar","1086717","1,086,717"
"UNAIDS","2015","Indonesia","1074017","1,074,017"
"UNAIDS","2015","Angola","1070229","1,070,229"
"ILO","2015","Kyrgyzstan","1062421","1,062,421"
"FAO","2015","Jordan","1054853.883","1,054,854"
"UN-HABITAT","2015","Kosovo","1039935.15","1,039,935"
"ILO","2015","Kenya","1039855","1,039,855"
"WFP","2015","Namibia","1035576.26","1,035,576"
"UNAIDS","2015","Swaziland","1033051","1,033,051"
"UNFPA","2015","Armenia","1029301.65","1,029,302"
"WHO","2015","Tonga","1028000","1,028,000"
"UNFPA","2015","Albania","1025111.24","1,025,111"
"UNHCR","2015","Guinea-Bissau","1022311.5","1,022,312"
"UN-HABITAT","2015","Rwanda","1018278.61","1,018,279"
"WFP","2015","Albania","1017403.79","1,017,404"
"UNODC","2015","Ethiopia","1016122","1,016,122"
"FAO","2015","Azerbaijan","1012153.255","1,012,153"
"ICAO","2015","Indonesia","1003787.769","1,003,788"
"UNIDO","2015","Colombia","994552.5274","994,553"
"UNHCR","2015","Gambia","987406.24","987,406"
"UNIDO","2015","Austria","987150.5142","987,151"
"UNAIDS","2015","Pakistan","986792","986,792"
"WHO","2015","Serbia","985000","985,000"
"WHO","2015","Turkmenistan","983000","983,000"
"WHO","2015","Armenia","980000","980,000"
"ILO","2015","Lebanon","973199","973,199"
"UNAIDS","2015","Central African Republic","969140","969,140"
"UNIDO","2015","Somalia","964265.8206","964,266"
"UNIDO","2015","Liberia","957928.7637","957,929"
"UN-HABITAT","2015","Cabo Verde","947775.58","947,776"
"UNHCR","2015","Austria","947251.27","947,251"
"UNODC","2015","Iran (Islamic Republic of)","936810","936,810"
"ILO","2015","Nicaragua","934134","934,134"
"FAO","2015","Ghana","931188.5731","931,189"
"UNIDO","2015","Cameroon","922031.477","922,031"
"ILO","2015","Turkey","918343","918,343"
"FAO","2015","Equatorial Guinea","915304.6833","915,305"
"ICAO","2015","Kazakhstan","912923.3141","912,923"
"UNAIDS","2015","Ghana","911941","911,941"
"WHO","2015","Malaysia","909000","909,000"
"UNODC","2015","Indonesia","908100","908,100"
"UNAIDS","2015","Haiti","905120","905,120"
"UNFPA","2015","Paraguay","903958.05","903,958"
"ILO","2015","Mozambique","898361","898,361"
"FAO","2015","Venezuela (Bolivarian Republic of)","891399.1958","891,399"
"UNAIDS","2015","Peru","881213","881,213"
"UNFPA","2015","Algeria","878329.14","878,329"
"UNAIDS","2015","Cambodia","869421","869,421"
"UNAIDS","2015","Sierra Leone","865559","865,559"
"ILO","2015","China","851885","851,885"
"UNFPA","2015","Maldives","850425.89","850,426"
"UNAIDS","2015","Argentina","846262","846,262"
"UNHCR","2015","Namibia","845979.52","845,980"
"UNIDO","2015","Zambia","841681.3348","841,681"
"UNHCR","2015","Switzerland","838124.08","838,124"
"UNFPA","2015","Malaysia","836702.39","836,702"
"ILO","2015","Paraguay","831079","831,079"
"UNAIDS","2015","Thailand","829372","829,372"
"UNAIDS","2015","Rwanda","826325","826,325"
"UNFPA","2015","Azerbaijan","824629.21","824,629"
"UNIDO","2015","Argentina","820503.4245","820,503"
"UNFPA","2015","Turkmenistan","819594.8","819,595"
"UNHCR","2015","Slovakia","816845.93","816,846"
"ICAO","2015","Kuwait","811463.7762","811,464"
"UNIDO","2015","Democratic Republic of the Congo","806579.4311","806,579"
"FAO","2015","Uruguay","804600.636","804,601"
"FAO","2015","South Africa","801324.7308","801,325"
"UNIDO","2015","Madagascar","801119.7484","801,120"
"UNAIDS","2015","Liberia","797664","797,664"
"ICAO","2015","Paraguay","794038.9964","794,039"
"UNAIDS","2015","Brazil","793323","793,323"
"UNFPA","2015","Tunisia","792681.29","792,681"
"UNFPA","2015","Republic of Moldova","790374.14","790,374"
"WHO","2015","Mauritius","784000","784,000"
"UNHCR","2015","Republic of Moldova","772313.93","772,314"
"UNDP","2015","Cook Islands","770914","770,914"
"ILO","2015","Cameroon","765309","765,309"
"FAO","2015","Jamaica","763359.6702","763,360"
"WHO","2015","Kiribati","763000","763,000"
"ILO","2015","Thailand","756428","756,428"
"WHO","2015","Kosovo","754000","754,000"
"UNFPA","2015","Kosovo","753615.97","753,616"
"FAO","2015","Cuba","751869.8796","751,870"
"WHO","2015","Bosnia and Herzegovina","746000","746,000"
"UNHCR","2015","Sierra Leone","744475.58","744,476"
"UN-HABITAT","2015","Nigeria","739974.59","739,975"
"UNIDO","2015","Gambia","737397.8775","737,398"
"FAO","2015","Comoros","735504.6584","735,505"
"UNODC","2015","Jordan","734968","734,968"
"ILO","2015","Senegal","731814","731,814"
"UNAIDS","2015","Burundi","728938","728,938"
"UNHCR","2015","Haiti","727269.86","727,270"
"UNHCR","2015","Poland","727244.48","727,244"
"UNIDO","2015","Qatar","721324.2341","721,324"
"UNAIDS","2015","Kazakhstan","719533","719,533"
"FAO","2015","Trinidad and Tobago","709886.3385","709,886"
"UNIDO","2015","Brazil","707087.3195","707,087"
"UNIDO","2015","Sri Lanka","703793.4136","703,793"
"UNIDO","2015","Azerbaijan","700892.5821","700,893"
"UNAIDS","2015","Namibia","699629","699,629"
"UNODC","2015","Tajikistan","691956","691,956"
"FAO","2015","Japan","690942.3412","690,942"
"UNFPA","2015","Belarus","690226.75","690,227"
"FAO","2015","Republic of Moldova","690044.0965","690,044"
"UNIDO","2015","Ecuador","687570.2735","687,570"
"WHO","2015","Seychelles","680000","680,000"
"WHO","2015","Micronesia (Federated States of)","679000","679,000"
"UNODC","2015","Guatemala","677157","677,157"
"UNHCR","2015","Ireland","668100.41","668,100"
"UNAIDS","2015","Jamaica","660838","660,838"
"UNAIDS","2015","Fiji","660526","660,526"
"UNAIDS","2015","Chad","655011","655,011"
"WHO","2015","Azerbaijan","653000","653,000"
"ICAO","2015","Brazil","648702.0217","648,702"
"UNAIDS","2015","Congo","648151","648,151"
"UNAIDS","2015","Burkina Faso","647434","647,434"
"ILO","2015","Lesotho","646529","646,529"
"WMO","2015","Cabo Verde","642618.5671","642,619"
"UNAIDS","2015","Nepal","634044","634,044"
"ICAO","2015","Uganda","632126.13","632,126"
"UNAIDS","2015","Honduras","629292","629,292"
"UNIDO","2015","Cuba","628090.9628","628,091"
"UNAIDS","2015","Madagascar","624375","624,375"
"WFP","2015","Sao Tome and Principe","621627.7","621,628"
"UNODC","2015","Lao People's Democratic Republic","619163","619,163"
"ILO","2015","Georgia","617664","617,664"
"FAO","2015","Kosovo","613767.4175","613,767"
"UNIDO","2015","Lao People's Democratic Republic","607778.0635","607,778"
"WMO","2015","United States of America","606617.558","606,618"
"UNIDO","2015","Nicaragua","605222.5274","605,223"
"UNAIDS","2015","Guinea","602681","602,681"
"FAO","2015","Micronesia (Federated States of)","598653.8291","598,654"
"WHO","2015","The former Yugoslav Republic of Macedonia","598000","598,000"
"FAO","2015","Ukraine","590982.1309","590,982"
"ILO","2015","The former Yugoslav Republic of Macedonia","587829","587,829"
"WFP","2015","Togo","586136.83","586,137"
"UNAIDS","2015","Mali","585318","585,318"
"UNAIDS","2015","Lesotho","580558","580,558"
"UNFPA","2015","The former Yugoslav Republic of Macedonia","578753.5","578,754"
"UN-HABITAT","2015","Japan","571818.61","571,819"
"UNAIDS","2015","Djibouti","571358","571,358"
"UNIDO","2015","Burundi","562282.9978","562,283"
"UNAIDS","2015","Philippines","549805","549,805"
"UNODC","2015","Libya","548912","548,912"
"UNHCR","2015","Benin","545697.9","545,698"
"ILO","2015","Occupied Palestinian Territory","543179","543,179"
"FAO","2015","Belgium","540742.0566","540,742"
"UNAIDS","2015","Guyana","539643","539,643"
"UNAIDS","2015","Bangladesh","535996","535,996"
"UNFPA","2015","Argentina","531655.62","531,656"
"UNHCR","2015","Malta","528322","528,322"
"UNIDO","2015","Kyrgyzstan","527145.4595","527,145"
"WHO","2015","Cyprus","525000","525,000"
"FAO","2015","Libya","522874.5446","522,875"
"UNODC","2015","Lebanon","519348","519,348"
"UNFPA","2015","Libya","516316.68","516,317"
"UNIDO","2015","Cabo Verde","515235.4814","515,235"
"ILO","2015","Ghana","512888","512,888"
"ILO","2015","Rwanda","511064","511,064"
"ILO","2015","Burkina Faso","508605","508,605"
"UNAIDS","2015","Gabon","503581","503,581"
"UN-HABITAT","2015","United Republic of Tanzania","500827.76","500,828"
"UNAIDS","2015","Togo","498896","498,896"
"FAO","2015","Bhutan","497224.1261","497,224"
"UNAIDS","2015","Sudan","496048","496,048"
"UNFPA","2015","Serbia","490290.49","490,290"
"WHO","2015","Albania","488000","488,000"
"FAO","2015","Gabon","487406.2416","487,406"
"UNAIDS","2015","Benin","482244","482,244"
"UNAIDS","2015","Morocco","476624","476,624"
"UNIDO","2015","Bolivia (Plurinational State of)","474415.744","474,416"
"UNODC","2015","Paraguay","471742","471,742"
"FAO","2015","Costa Rica","471491.2566","471,491"
"UN-HABITAT","2015","Jordan","459927.45","459,927"
"ILO","2015","Algeria","454124","454,124"
"UNIDO","2015","Kuwait","452452.5164","452,453"
"UN-HABITAT","2015","Viet Nam","449497.07","449,497"
"UNIDO","2015","Rwanda","446823.4573","446,823"
"ILO","2015","Iraq","443180","443,180"
"FAO","2015","Vanuatu","442624.8036","442,625"
"UNHCR","2015","Turkmenistan","436568.11","436,568"
"UNIDO","2015","Eritrea","435077.9322","435,078"
"WHO","2015","Georgia","432000","432,000"
"UNIDO","2015","Montenegro","426365.2626","426,365"
"WHO","2015","Montenegro","422000","422,000"
"ILO","2015","Cote d'Ivoire","416737","416,737"
"UNIDO","2015","Haiti","416334.267","416,334"
"UNIDO","2015","Bosnia and Herzegovina","412026.6193","412,027"
"ICAO","2015","Equatorial Guinea","410878.491","410,878"
"ILO","2015","Mauritania","410683","410,683"
"UNAIDS","2015","Uzbekistan","410287","410,287"
"FAO","2015","Thailand","407629.805","407,630"
"ILO","2015","Cabo Verde","406157","406,157"
"UNIDO","2015","Guinea-Bissau","406010.7549","406,011"
"UNAIDS","2015","Dominica","404733","404,733"
"UNODC","2015","Tunisia","391141","391,141"
"FAO","2015","Saint Lucia","384165.0724","384,165"
"ILO","2015","Chile","382546","382,546"
"UNHCR","2015","Gabon","382356.15","382,356"
"UNHCR","2015","Netherlands","379845.62","379,846"
"ICAO","2015","Bolivia (Plurinational State of)","376929.4801","376,929"
"UNIDO","2015","Sierra Leone","374482.965","374,483"
"UNIDO","2015","Mali","374330.547","374,331"
"UNAIDS","2015","Somalia","373966","373,966"
"WHO","2015","Hungary","371000","371,000"
"UNAIDS","2015","Niger","369163","369,163"
"UNIDO","2015","Algeria","368625.5252","368,626"
"UNIDO","2015","Namibia","367869.9125","367,870"
"UNAIDS","2015","Iran (Islamic Republic of)","367869","367,869"
"UNIDO","2015","Chile","362883.2166","362,883"
"UNAIDS","2015","Egypt","361171","361,171"
"UNIDO","2015","Mongolia","360736.0503","360,736"
"UNIDO","2015","Serbia","356508.1072","356,508"
"UNIDO","2015","The former Yugoslav Republic of Macedonia","354154.4748","354,154"
"UNODC","2015","Timor-Leste","348665","348,665"
"ICAO","2015","Ecuador","348262.231","348,262"
"ILO","2015","Sudan","347815","347,815"
"UNODC","2015","Turkmenistan","345954","345,954"
"ILO","2015","Saudi Arabia","344975","344,975"
"UN-HABITAT","2015","Lao People's Democratic Republic","344386.59","344,387"
"WHO","2015","Cook Islands","343000","343,000"
"UNIDO","2015","Peru","340639.6171","340,640"
"UNDP","2015","Saint Vincent and the Grenadines","340264","340,264"
"UN-HABITAT","2015","Iran (Islamic Republic of)","338848.12","338,848"
"WHO","2015","Belarus","334000","334,000"
"WMO","2015","Kenya","333301.7154","333,302"
"UN-HABITAT","2015","Malawi","330388.23","330,388"
"WMO","2015","Turkey","330330.9788","330,331"
"UNHCR","2015","Czech Republic","330158.81","330,159"
"UNIDO","2015","Uganda","329327.6805","329,328"
"WHO","2015","Slovakia","326000","326,000"
"FAO","2015","Maldives","322989.4074","322,989"
"ILO","2015","Samoa","321760","321,760"
"ILO","2015","Mongolia","313543","313,543"
"WHO","2015","Slovenia","306000","306,000"
"UNIDO","2015","Malawi","305911.5646","305,912"
"ILO","2015","Dominican Republic","303898","303,898"
"FAO","2015","Tonga","298784.5296","298,785"
"WMO","2015","France","298510.5954","298,511"
"ICAO","2015","Belgium","293016.3321","293,016"
"UN-HABITAT","2015","Russian Federation","291948.6055","291,949"
"FAO","2015","Guyana","289945.1592","289,945"
"WHO","2015","Poland","285000","285,000"
"UNIDO","2015","Oman","284914.5295","284,915"
"ILO","2015","Niger","283937","283,937"
"UNIDO","2015","Republic of Moldova","281974.2232","281,974"
"WHO","2015","Romania","272000","272,000"
"FAO","2015","Belize","270911.448","270,911"
"UNFPA","2015","Chile","267018.6","267,019"
"UNIDO","2015","Tajikistan","266869.9453","266,870"
"WMO","2015","India","266371.3421","266,371"
"FAO","2015","Samoa","263867.3335","263,867"
"ILO","2015","Bolivia (Plurinational State of)","263555","263,555"
"UNDP","2015","Dominica","262360","262,360"
"ILO","2015","Fiji","262210","262,210"
"FAO","2015","Botswana","261045.0336","261,045"
"ICAO","2015","Lebanon","260450.4982","260,450"
"UNIDO","2015","Nepal","259231.9803","259,232"
"UNAIDS","2015","Venezuela (Bolivarian Republic of)","258406","258,406"
"ICAO","2015","Singapore","257141.8845","257,142"
"ILO","2015","Guatemala","256458","256,458"
"WFP","2015","Eritrea","252825.02","252,825"
"ICAO","2015","Sudan","250338.917","250,339"
"ILO","2015","Benin","249403","249,403"
"FAO","2015","Bosnia and Herzegovina","248598.6004","248,599"
"WHO","2015","Estonia","246000","246,000"
"ILO","2015","Comoros","245400","245,400"
"WMO","2015","Japan","243206.8618","243,207"
"UNIDO","2015","Syrian Arab Republic","243188.6761","243,189"
"FAO","2015","Albania","238935.7685","238,936"
"UN-HABITAT","2015","Bangladesh","238831.3","238,831"
"WHO","2015","Marshall Islands","237000","237,000"
"FAO","2015","The former Yugoslav Republic of Macedonia","235908.7078","235,909"
"FAO","2015","Uzbekistan","232494.393","232,494"
"FAO","2015","Belarus","231364.9318","231,365"
"ILO","2015","Ecuador","228692","228,692"
"UNODC","2015","Iraq","227815","227,815"
"WHO","2015","Czech Republic","227000","227,000"
"UNIDO","2015","Belarus","225752.7899","225,753"
"ILO","2015","Solomon Islands","225216","225,216"
"WHO","2015","Lithuania","225000","225,000"
"UN-HABITAT","2015","Syrian Arab Republic","223936.83","223,937"
"WHO","2015","Croatia","222000","222,000"
"UN-HABITAT","2015","Angola","215035.71","215,036"
"UNIDO","2015","Burkina Faso","213617.4289","213,617"
"FAO","2015","United Arab Emirates","211355.2286","211,355"
"WMO","2015","Spain","211090.8174","211,091"
"WHO","2015","Latvia","211000","211,000"
"UN-HABITAT","2015","China","210140.58","210,141"
"ILO","2015","Yemen","209857","209,857"
"ILO","2015","Costa Rica","209507","209,507"
"ICAO","2015","Nigeria","208741.2924","208,741"
"UNAIDS","2015","Algeria","204001","204,001"
"ILO","2015","Malaysia","203096","203,096"
"FAO","2015","Saint Kitts and Nevis","202299.0847","202,299"
"WHO","2015","Bulgaria","202000","202,000"
"WMO","2015","Republic of Korea","201476.2866","201,476"
"WMO","2015","Costa Rica","199934.4097","199,934"
"ILO","2015","Kuwait","199500","199,500"
"UNIDO","2015","Bahrain","198284.0372","198,284"
"UN-HABITAT","2015","Madagascar","198066.16","198,066"
"WMO","2015","Australia","197093.8446","197,094"
"WFP","2015","Paraguay","195396.42","195,396"
"UNIDO","2015","Zimbabwe","193844.1466","193,844"
"UNAIDS","2015","Senegal","193710","193,710"
"UNODC","2015","Nepal","191544","191,544"
"UNIDO","2015","Venezuela (Bolivarian Republic of)","191229.0919","191,229"
"WFP","2015","Morocco","189323.45","189,323"
"UNAIDS","2015","Colombia","188793","188,793"
"UN-HABITAT","2015","Mongolia","187613.81","187,614"
"ICAO","2015","Greece","186978.7581","186,979"
"UNODC","2015","Serbia","185564","185,564"
"WMO","2015","Benin","184833.5015","184,834"
"FAO","2015","Bahamas","183187.1383","183,187"
"WMO","2015","Germany","180537.8406","180,538"
"FAO","2015","Cook Islands","180131.5322","180,132"
"FAO","2015","Fiji","179600.0692","179,600"
"WMO","2015","Paraguay","174843.5923","174,844"
"WMO","2015","China","173304.7427","173,305"
"ICAO","2015","Mozambique","171717.0614","171,717"
"UNDP","2015","Antigua and Barbuda","170451","170,451"
"UNIDO","2015","Dominican Republic","170303.0963","170,303"
"ILO","2015","Maldives","169186","169,186"
"FAO","2015","Mauritius","167538.773","167,539"
"UN-HABITAT","2015","Kuwait","167306.74","167,307"
"ICAO","2015","Madagascar","167280.0217","167,280"
"UNIDO","2015","Croatia","166734.9781","166,735"
"UNODC","2015","Viet Nam","165780","165,780"
"UNIDO","2015","Niger","162401.7396","162,402"
"ILO","2015","South Sudan","162056","162,056"
"UNODC","2015","Bangladesh","158735","158,735"
"ILO","2015","France","158110","158,110"
"UNIDO","2015","Guatemala","156129.5295","156,130"
"UNAIDS","2015","Yemen","154327","154,327"
"UNAIDS","2015","Mauritania","151848","151,848"
"UNIDO","2015","Swaziland","151574.3326","151,574"
"WMO","2015","Uganda","151011.0999","151,011"
"WMO","2015","Indonesia","150773.9657","150,774"
"UNIDO","2015","Bhutan","150081.8709","150,082"
"FAO","2015","Seychelles","145879.9007","145,880"
"WMO","2015","South Africa","143573.1584","143,573"
"WFP","2015","Cabo Verde","142937.29","142,937"
"UN-HABITAT","2015","Burkina Faso","142803.48","142,803"
"FAO","2015","Algeria","142781.2326","142,781"
"ILO","2015","United States of America","141882","141,882"
"UNAIDS","2015","El Salvador","140343","140,343"
"WMO","2015","Morocco","139489.4046","139,489"
"UNAIDS","2015","Republic of Moldova","139177","139,177"
"UNAIDS","2015","Gambia","138865","138,865"
"UNDP","2015","Tokelau","138739","138,739"
"ILO","2015","Albania","138261","138,261"
"FAO","2015","Oman","137781.5408","137,782"
"ICAO","2015","Cabo Verde","137172.0722","137,172"
"ILO","2015","Liberia","137156","137,156"
"UNIDO","2015","Libya","132677.7571","132,678"
"FAO","2015","Congo","130451.4663","130,451"
"WMO","2015","Fiji","129239.1524","129,239"
"UNDP","2015","Saint Kitts and Nevis","128918","128,918"
"UNODC","2015","Cote d'Ivoire","127243","127,243"
"UNAIDS","2015","Tajikistan","126645","126,645"
"ICAO","2015","Jamaica","125746.231","125,746"
"WMO","2015","Singapore","124911.2008","124,911"
"UNIDO","2015","Afghanistan","124054.4092","124,054"
"UNIDO","2015","Central African Republic","122918.2385","122,918"
"UNFPA","2015","Mauritius","122440.57","122,441"
"UNAIDS","2015","Kyrgyzstan","121613","121,613"
"WMO","2015","Ethiopia","120918.2644","120,918"
"UNIDO","2015","Sao Tome and Principe","119904.8359","119,905"
"WMO","2015","Argentina","118768.9203","118,769"
"WFP","2015","Greece","116233.61","116,234"
"FAO","2015","Tuvalu","115415.0084","115,415"
"FAO","2015","Kazakhstan","115259.5232","115,260"
"UPU","2015","United Republic of Tanzania","113624.1171","113,624"
"UNAIDS","2015","Belarus","112389","112,389"
"UN-HABITAT","2015","Samoa","112248.8936","112,249"
"WHO","2015","Saint Helena","112000","112,000"
"UNODC","2015","Bhutan","110210","110,210"
"WMO","2015","Italy","108978.8093","108,979"
"UNODC","2015","Senegal","105833","105,833"
"UN-HABITAT","2015","Zambia","104422.96","104,423"
"UNDP","2015","Niue","103973","103,973"
"UNIDO","2015","Angola","102988.9606","102,989"
"UNIDO","2015","Honduras","102824.2451","102,824"
"UNIDO","2015","Costa Rica","101422.1772","101,422"
"WFP","2015","Angola","100000","100,000"
"UNAIDS","2015","Sri Lanka","98954","98,954"
"UN-HABITAT","2015","Mozambique","98405.76","98,406"
"UN-HABITAT","2015","Cambodia","96296.22","96,296"
"ILO","2015","Portugal","96294","96,294"
"UNODC","2015","Cabo Verde","96021","96,021"
"WHO","2015","Tuvalu","96000","96,000"
"UN-HABITAT","2015","India","95598.43","95,598"
"UNAIDS","2015","Eritrea","93927","93,927"
"UN-HABITAT","2015","Ethiopia","92649.93","92,650"
"UNIDO","2015","Turkmenistan","91560.45952","91,560"
"UN-HABITAT","2015","Papua New Guinea","91363.70636","91,364"
"UPU","2015","Cambodia","89920.16145","89,920"
"WHO","2015","Palau","87000","87,000"
"ICAO","2015","Afghanistan","86670.37545","86,670"
"UPU","2015","Cote d'Ivoire","86566.46821","86,566"
"ILO","2015","Mexico","85688","85,688"
"WMO","2015","Mauritius","85582.24016","85,582"
"UNODC","2015","Uzbekistan","84944","84,944"
"FAO","2015","Marshall Islands","84754.57905","84,755"
"ILO","2015","Burundi","83956","83,956"
"WMO","2015","Reunion","82045.40868","82,045"
"UNIDO","2015","Djibouti","81269.56236","81,270"
"WHO","2015","Nauru","81000","81,000"
"UNAIDS","2015","Equatorial Guinea","80204","80,204"
"WHO","2015","Tokelau","80000","80,000"
"ILO","2015","Vanuatu","79367","79,367"
"UNAIDS","2015","Lao People's Democratic Republic","78315","78,315"
"WMO","2015","Romania","76021.19072","76,021"
"UNIDO","2015","Congo","75995.36105","75,995"
"UNIDO","2015","Hungary","75965.89716","75,966"
"WMO","2015","Chile","75258.32492","75,258"
"ILO","2015","Oman","74876","74,876"
"UPU","2015","Guinea","74300.93845","74,301"
"UN-HABITAT","2015","Libya","73490","73,490"
"UN-HABITAT","2015","Chad","73044.73","73,045"
"WMO","2015","Serbia","72819.37437","72,819"
"UPU","2015","Samoa","72686.53885","72,687"
"UN-HABITAT","2015","Cuba","72588.03","72,588"
"UNAIDS","2015","Tunisia","72203","72,203"
"UNIDO","2015","Albania","71975.09847","71,975"
"WMO","2015","Namibia","71417.75984","71,418"
"UNIDO","2015","Lesotho","70816.69584","70,817"
"FAO","2015","Kiribati","70781.28642","70,781"
"UNAIDS","2015","Panama","69137","69,137"
"FAO","2015","Nauru","67686.57661","67,687"
"WMO","2015","Viet Nam","66977.8002","66,978"
"UNIDO","2015","Benin","66942.15536","66,942"
"FAO","2015","Solomon Islands","66566.1733","66,566"
"FAO","2015","Grenada","65444.09464","65,444"
"FAO","2015","Suriname","65411.27805","65,411"
"WMO","2015","Austria","65380.42381","65,380"
"WHO","2015","Niue","65000","65,000"
"WMO","2015","Czech Republic","64716.44803","64,716"
"WMO","2015","Bangladesh","63927.34612","63,927"
"WHO","2015","Qatar","63000","63,000"
"FAO","2015","Bahrain","62921.96749","62,922"
"UN-HABITAT","2015","Peru","62000","62,000"
"ICAO","2015","Guatemala","61269.33574","61,269"
"FAO","2015","Sao Tome and Principe","61242.7341","61,243"
"WMO","2015","Senegal","61000","61,000"
"WMO","2015","Colombia","60924.31887","60,924"
"WHO","2015","Kuwait","60000","60,000"
"UPU","2015","Gambia","59956.72048","59,957"
"WMO","2015","Ecuador","59931.38244","59,931"
"WMO","2015","Cote d'Ivoire","59466.19576","59,466"
"UNIDO","2015","Maldives","58130.52516","58,131"
"UNAIDS","2015","Guinea-Bissau","57162","57,162"
"WMO","2015","Sudan","56903.12815","56,903"
"UN-HABITAT","2015","Morocco","56683.07","56,683"
"FAO","2015","Saint Vincent and the Grenadines","56128.89761","56,129"
"ICAO","2015","Norway","54576.06498","54,576"
"WMO","2015","Tonga","54463.16852","54,463"
"UNDP","2015","Saint Lucia","54314","54,314"
"ILO","2015","Brunei Darussalam","53474","53,474"
"ILO","2015","Republic of Moldova","53081","53,081"
"WMO","2015","United Republic of Tanzania","52707.3663","52,707"
"UN-HABITAT","2015","Venezuela (Bolivarian Republic of)","52657.36","52,657"
"UNIDO","2015","United States of America","52473.05252","52,473"
"WMO","2015","Russian Federation","52461.15035","52,461"
"UPU","2015","Lao People's Democratic Republic","52201.81635","52,202"
"ILO","2015","Honduras","52157","52,157"
"WHO","2015","Malta","52000","52,000"
"WHO","2015","American Samoa","52000","52,000"
"UNIDO","2015","Gabon","51384.92341","51,385"
"ICAO","2015","Rwanda","50516.59928","50,517"
"UNDP","2015","Seychelles","50502","50,502"
"UNODC","2015","Ecuador","50345","50,345"
"WMO","2015","Curacao","49846.61958","49,847"
"ILO","2015","Panama","48846","48,846"
"UN-HABITAT","2015","Indonesia","47906.54","47,907"
"WMO","2015","Mexico","47381.4329","47,381"
"WMO","2015","New Zealand","46565.08577","46,565"
"WHO","2015","Portugal","46000","46,000"
"ILO","2015","Botswana","45967","45,967"
"WMO","2015","Mozambique","44456.10494","44,456"
"UNAIDS","2015","Armenia","43916","43,916"
"UNAIDS","2015","Bolivia (Plurinational State of)","43529","43,529"
"WMO","2015","Barbados","43255.29768","43,255"
"ILO","2015","Serbia","42071","42,071"
"ILO","2015","Russian Federation","42009","42,009"
"WMO","2015","Peru","40869.82846","40,870"
"UNIDO","2015","Democratic People's Republic of Korea","40475.85339","40,476"
"UNDP","2015","Montserrat","39356","39,356"
"UN-HABITAT","2015","Cameroon","38892.26","38,892"
"ICAO","2015","Colombia","38552.08664","38,552"
"WMO","2015","Denmark","38539.85873","38,540"
"FAO","2015","Palau","37859.31108","37,859"
"ICAO","2015","Bangladesh","37487.67509","37,488"
"WHO","2015","Singapore","37000","37,000"
"WHO","2015","United Arab Emirates","37000","37,000"
"WHO","2015","Northern Mariana Islands","37000","37,000"
"UNAIDS","2015","Costa Rica","36839","36,839"
"UNIDO","2015","Togo","36738.29322","36,738"
"ICAO","2015","Spain","36005.05415","36,005"
"WHO","2015","French Polynesia","36000","36,000"
"WHO","2015","Guam","36000","36,000"
"WMO","2015","Brazil","34394.55096","34,395"
"WMO","2015","Thailand","34321.89707","34,322"
"WHO","2015","Japan","34000","34,000"
"FAO","2015","Montenegro","32993.7668","32,994"
"WMO","2015","Israel","32982.84561","32,983"
"FAO","2015","Dominica","32788.08552","32,788"
"WMO","2015","Seychelles","31949.54591","31,950"
"UN-HABITAT","2015","Republic of Korea","31898.25","31,898"
"ICAO","2015","Ethiopia","31531.07581","31,531"
"UPU","2015","Rwanda","31523.28961","31,523"
"WMO","2015","Guatemala","31437.94147","31,438"
"WHO","2015","Brunei Darussalam","31000","31,000"
"WMO","2015","Cameroon","30737.63875","30,738"
"WMO","2015","Dominican Republic","30310.79717","30,311"
"WMO","2015","Poland","30174.57114","30,175"
"WMO","2015","Malawi","30162.46216","30,162"
"UNODC","2015","Thailand","29383","29,383"
"UNIDO","2015","Equatorial Guinea","28892.77899","28,893"
"WMO","2015","United Kingdom of Great Britain and Northern Ireland","28638.74874","28,639"
"UN-HABITAT","2015","Lesotho","27900","27,900"
"UNIDO","2015","Anguilla","27475.61269","27,476"
"WMO","2015","Kiribati","27316.85166","27,317"
"WMO","2015","The former Yugoslav Republic of Macedonia","27045.40868","27,045"
"WMO","2015","Norway","26885.97376","26,886"
"WMO","2015","Iceland","26869.82846","26,870"
"WMO","2015","Malaysia","26517.65893","26,518"
"UPU","2015","Niger","26471.18063","26,471"
"WMO","2015","Papua New Guinea","26280.52472","26,281"
"UPU","2015","Burkina Faso","25836.57921","25,837"
"ILO","2015","Armenia","25401","25,401"
"ICAO","2015","India","25313.95668","25,314"
"UPU","2015","Timor-Leste","24943.92533","24,944"
"WMO","2015","Slovenia","24927.34612","24,927"
"WMO","2015","Myanmar","24701.31181","24,701"
"WMO","2015","Kazakhstan","24589.30373","24,589"
"UNIDO","2015","Seychelles","23231.89278","23,232"
"UNAIDS","2015","Mexico","22500","22,500"
"WMO","2015","Burkina Faso","22345.10595","22,345"
"ILO","2015","Swaziland","22280","22,280"
"ILO","2015","Germany","21775","21,775"
"UN-HABITAT","2015","Gabon","21700","21,700"
"ICAO","2015","China, Macao Special Administrative Region","20196.05776","20,196"
"UPU","2015","Bangladesh","19478.83956","19,479"
"UNIDO","2015","Guyana","19090.88621","19,091"
"WMO","2015","Qatar","18379.41473","18,379"
"UPU","2015","Bhutan","18006.0444","18,006"
"UNAIDS","2015","Mongolia","17946","17,946"
"UPU","2015","Bosnia and Herzegovina","17933.23915","17,933"
"WMO","2015","Trinidad and Tobago","17642.78507","17,643"
"UNAIDS","2015","Ecuador","17375","17,375"
"ICAO","2015","Egypt","17331.43682","17,331"
"WHO","2015","Reunion","17000","17,000"
"WMO","2015","El Salvador","16928.3552","16,928"
"WMO","2015","Antigua and Barbuda","16207.87084","16,208"
"WMO","2015","Bulgaria","16114.02624","16,114"
"FAO","2015","Niue","16075.68967","16,076"
"ILO","2015","Montenegro","15608","15,608"
"UNIDO","2015","Fiji","15152.42888","15,152"
"WMO","2015","Bolivia (Plurinational State of)","14984.86377","14,985"
"WMO","2015","Canada","14752.77497","14,753"
"UPU","2015","Haiti","14717.6892","14,718"
"UPU","2015","Djibouti","14578.94046","14,579"
"UNIDO","2015","United Arab Emirates","14388.17287","14,388"
"WMO","2015","Lebanon","14193.74369","14,194"
"WMO","2015","Suriname","13956.60949","13,957"
"UNODC","2015","El Salvador","13895","13,895"
"WMO","2015","Ireland","13782.03835","13,782"
"UPU","2015","Vanuatu","13666.97275","13,667"
"WMO","2015","Jordan","12885.97376","12,886"
"UNAIDS","2015","Uruguay","12400","12,400"
"ILO","2015","Kazakhstan","11766","11,766"
"UNIDO","2015","Bahamas","11022.04595","11,022"
"UNAIDS","2015","Chile","10466","10,466"
"WMO","2015","Sweden","10357.21493","10,357"
"ILO","2015","Cyprus","10170","10,170"
"WMO","2015","Bhutan","10004.03633","10,004"
"UNHCR","2015","Kuwait","9924.05","9,924"
"FAO","2015","Antigua and Barbuda","9909.411949","9,909"
"UNAIDS","2015","Suriname","9907","9,907"
"UNAIDS","2015","Nicaragua","9627","9,627"
"UNAIDS","2015","Malaysia","9622","9,622"
"UNIDO","2015","El Salvador","9171.247265","9,171"
"WMO","2015","Belize","9022.199798","9,022"
"WMO","2015","Georgia","8414.732593","8,415"
"WMO","2015","Croatia","8313.82442","8,314"
"ICAO","2015","Cameroon","8276.765343","8,277"
"UNIDO","2015","Antigua and Barbuda","8222.549234","8,223"
"ICAO","2015","Belarus","8102.866426","8,103"
"UNHCR","2015","Papua New Guinea","7884.14","7,884"
"UN-HABITAT","2015","Ecuador","7158.44","7,158"
"ILO","2015","United Arab Emirates","6931","6,931"
"WMO","2015","Portugal","6709.38446","6,709"
"UPU","2015","Myanmar","6591.10999","6,591"
"UNAIDS","2015","Paraguay","6363","6,363"
"ILO","2015","Suriname","6262","6,262"
"ILO","2015","Saint Lucia","5719","5,719"
"UNIDO","2015","Mauritius","5497.582057","5,498"
"UNIDO","2015","Timor-Leste","5294.015317","5,294"
"UNIDO","2015","Comoros","4833.512035","4,834"
"UNIDO","2015","Italy","4414.080963","4,414"
"UNDP","2015","Qatar","4302","4,302"
"UPU","2015","Nepal","4229.233098","4,229"
"UN-HABITAT","2015","Zimbabwe","3959.11","3,959"
"UNIDO","2015","Saint Vincent and the Grenadines","3738.33698","3,738"
"ICAO","2015","Congo","3671.393502","3,671"
"UPU","2015","Afghanistan","3514.167508","3,514"
"UNAIDS","2015","Trinidad and Tobago","2732","2,732"
"UNIDO","2015","Paraguay","2582.14442","2,582"
"ICAO","2015","United Republic of Tanzania","2288.303249","2,288"
"UNODC","2015","Liberia","2274","2,274"
"FAO","2015","Russian Federation","2196.271804","2,196"
"WMO","2015","Palau","1826.437941","1,826"
"UN-HABITAT","2015","Costa Rica","1489.2","1,489"
"UPU","2015","Burundi","1186.226034","1,186"
"UNAIDS","2015","Belize","1109","1,109"
"UNAIDS","2015","Barbados","1104","1,104"
"UNIDO","2015","Slovenia","871.2582057","871"
"ICAO","2015","Sri Lanka","783.2274368","783"
"ILO","2015","Togo","734","734"
"UPU","2015","Malawi","664.0060545","664"
"UNDP","2015","Bulgaria","603","603"
"UPU","2015","Madagascar","334.7426842","335"
"UPU","2015","Ethiopia","330.6155399","331"
"UNDP","2015","Poland","320","320"
"FAO","2015","Tokelau","312.5169862","313"
"WFP","2015","Uzbekistan","171.28","171"
"ICAO","2015","Swaziland","144.599278","145"
"UNIDO","2015","Panama","125.2407002","125"
"ICAO","2015","Philippines","80.2166065","80"
"UNDP","2015","Republic of Korea","42","42"
"ICAO","2015","Denmark","36.83754513","37"
"ICAO","2015","Cuba","31.24909747","31"
"ICAO","2015","Comoros","30.36823105","30"
"ICAO","2015","Nepal","28.00722022","28"
"ICAO","2015","Republic of Korea","25.92779783","26"
"ICAO","2015","Oman","20.69314079","21"
"ICAO","2015","Viet Nam","12.07942238","12"
"UNHCR","2015","Cambodia","5","5"
"FAO","2015","Finland","0","0"
"FAO","2015","Spain","0","0"
"FAO","2015","Slovenia","0","0"
"FAO","2015","Slovakia","0","0"
"FAO","2015","Sweden","0","0"
"UNODC","2015","Albania","0","0"
"FAO","2015","Turkmenistan","0","0"
"UNODC","2015","Cambodia","0","0"
"FAO","2015","San Marino","0","0"
"FAO","2015","Romania","0","0"
"FAO","2015","Norway","0","0"
"FAO","2015","New Zealand","0","0"
"FAO","2015","Andorra","0","0"
"FAO","2015","Poland","0","0"
"FAO","2015","Portugal","0","0"
"FAO","2015","Republic of Korea","0","0"
"FAO","2015","Qatar","0","0"
"UNODC","2015","Dominican Republic","0","0"
"UNODC","2015","Yemen","0","0"
"UNODC","2015","Russian Federation","0","0"
"UNODC","2015","Mali","0","0"
"FAO","2015","United Kingdom of Great Britain and Northern Ireland","0","0"
"UNODC","2015","Republic of Moldova","0","0"
"UNODC","2015","Mauritania","0","0"
"UNODC","2015","Mozambique","0","0"
"UNODC","2015","Mauritius","0","0"
"UNODC","2015","South Africa","0","0"
"UNODC","2015","South Sudan","0","0"
"UNODC","2015","Guinea-Bissau","0","0"
"UNODC","2015","Uruguay","0","0"
"UNODC","2015","India","0","0"
"UNODC","2015","Togo","0","0"
"UNODC","2015","Swaziland","0","0"
"UNODC","2015","Maldives","0","0"
"FAO","2015","Monaco","0","0"
"FAO","2015","Netherlands","0","0"
"FAO","2015","Hungary","0","0"
"FAO","2015","Iceland","0","0"
"FAO","2015","Czech Republic","0","0"
"FAO","2015","Ireland","0","0"
"FAO","2015","Denmark","0","0"
"UNHCR","2015","Sark","0","0"
"UNODC","2015","Niger","0","0"
"FAO","2015","Germany","0","0"
"FAO","2015","Estonia","0","0"
"FAO","2015","Greece","0","0"
"FAO","2015","Cyprus","0","0"
"FAO","2015","Croatia","0","0"
"FAO","2015","Luxembourg","0","0"
"FAO","2015","Malaysia","0","0"
"FAO","2015","Australia","0","0"
"FAO","2015","Malta","0","0"
"FAO","2015","Latvia","0","0"
"FAO","2015","Kuwait","0","0"
"FAO","2015","Canada","0","0"
"FAO","2015","Bulgaria","0","0"
"FAO","2015","Austria","0","0"
"FAO","2015","Israel","0","0"
"FAO","2015","France","0","0"
"ICAO","2015","Pakistan","-3.675090253","-4"
"ICAO","2015","Aruba","-114.2310469","-114"
"ICAO","2015","Venezuela (Bolivarian Republic of)","-159.3574007","-159"
"UNDP","2015","Latvia","-598","-598"
"ICAO","2015","El Salvador","-719.4440433","-719"
"UNIDO","2015","Romania","-4048.829322","-4,049"
"ICAO","2015","Botswana","-5581.920578","-5,582"
"ICAO","2015","Democratic Republic of the Congo","-6905.386282","-6,905"
"WHO","2015","Bahrain","-9000","-9,000"
"UNHCR","2015","Viet Nam","-18815.96","-18,816"
"WHO","2015","Denmark","-19000","-19,000"
"UN-HABITAT","2015","Uganda","-30670.25","-30,670"
"UNIDO","2015","Occupied Palestinian Territory","-117857.593","-117,858"
"UN-HABITAT","2015","South Africa","-134620.9","-134,621"
"UNIDO","2015","Yemen","-464463.6543","-464,464"
