"agency","Year","Amount","Expenditure","country"
"UNRWA","2015","763777782","763,777,782","Occupied Palestinian Territory"
"UNDP","2015","605412387","605,412,387","Afghanistan"
"WFP","2015","499883889.6","499,883,890","South Sudan"
"IOM","2015","459326617","459,326,617","Canada"
"WFP","2015","364863997.3","364,863,997","Syrian Arab Republic"
"WIPO","2015","351839000","351,839,000","Switzerland"
"WFP","2015","310521603.4","310,521,603","Ethiopia"
"FAO","2015","302002787.9","302,002,788","Italy"
"UNHCR","2015","295934139.7","295,934,140","Lebanon"
"WFP","2015","283506312.3","283,506,312","Italy"
"UNHCR","2015","276248455.1","276,248,455","Iraq"
"WTO","2015","247027181.6","247,027,182","Switzerland"
"UNDP","2015","242879737","242,879,737","Argentina"
"UNICEF","2015","239293230.4","239,293,230","Congo (the Democratic Republic of the)"
"WFP","2015","236484888","236,484,888","Sudan"
"WFP","2015","232538235.9","232,538,236","Yemen"
"UNICEF","2015","217265551","217,265,551","Lebanon"
"WFP","2015","213793397.3","213,793,397","Iraq"
"UNRWA","2015","209360465","209,360,465","Jordan"
"UNICEF","2015","201670253.4","201,670,253","Iraq"
"UNICEF","2015","201163274.5","201,163,275","Nigeria"
"WFP","2015","193141449.7","193,141,450","Pakistan"
"WFP","2015","189787487.5","189,787,488","Lebanon"
"UNRWA","2015","188074269","188,074,269","Lebanon"
"UNICEF","2015","182628073.1","182,628,073","Ethiopia"
"ITU","2015","181257315.8","181,257,316","Switzerland"
"UNHCR","2015","177634001.2","177,634,001","Jordan"
"UNDP","2015","174376594","174,376,594","Zimbabwe"
"UNRWA","2015","172562325","172,562,325","Syrian Arab Republic"
"WFP","2015","172557593.5","172,557,594","Kenya"
"UNICEF","2015","168911778.6","168,911,779","South Sudan"
"UNICEF","2015","166853161.3","166,853,161","Zimbabwe"
"UNHCR","2015","162322531.64","162,322,532","Syrian Arab Republic"
"WFP","2015","162235314","162,235,314","Somalia"
"UNHCR","2015","162032595.04000002","162,032,595","Ethiopia"
"UNICEF","2015","150624596.4","150,624,596","Somalia"
"WFP","2015","146147085.2","146,147,085","Jordan"
"UNHCR","2015","144152515.1","144,152,515","South Sudan"
"UNICEF","2015","143937731.8","143,937,732","Syrian Arab Republic"
"WHO","2015","142268000","142,268,000","Nigeria"
"UNICEF","2015","133040633.9","133,040,634","Jordan"
"UNICEF","2015","131995077","131,995,077","Afghanistan"
"UNICEF","2015","129992163.4","129,992,163","Sierra Leone"
"WFP","2015","126334149.7","126,334,150","Afghanistan"
"WFP","2015","121092076.4","121,092,076","Congo (the Democratic Republic of the)"
"UNDP","2015","118292091","118,292,091","South Sudan"
"UNDP","2015","115922756","115,922,756","Occupied Palestinian Territory"
"UNICEF","2015","112310802.1","112,310,802","India"
"UNDP","2015","111256875","111,256,875","Sudan"
"UNDP","2015","110660697","110,660,697","Peru"
"UNHCR","2015","104646813.91","104,646,814","Kenya"
"UNICEF","2015","103998896.3","103,998,896","Pakistan"
"WFP","2015","103756883.2","103,756,883","Niger"
"UNHCR","2015","100773668.7","100,773,669","Turkey"
"UNICEF","2015","100170683.7","100,170,684","Sudan"
"WFP","2015","99908772.14","99,908,772","Chad"
"UNICEF","2015","96885814.14","96,885,814","Yemen"
"UNDP","2015","96713315","96,713,315","Zambia"
"UNICEF","2015","96196165.34","96,196,165","Guinea"
"WMO","2015","94749520.69","94,749,521","Switzerland"
"UNICEF","2015","88482694.24","88,482,694","Mali"
"UNHCR","2015","87826583.93","87,826,584","Congo (the Democratic Republic of the)"
"UNICEF","2015","87657574.05","87,657,574","Liberia"
"UNICEF","2015","86652654.59","86,652,655","Chad"
"WHO","2015","83136000","83,136,000","Pakistan"
"UNHCR","2015","82901727.94","82,901,728","Chad"
"UNICEF","2015","82359674.37","82,359,674","Malawi"
"UNDP","2015","82310541","82,310,541","Haiti"
"UNDP","2015","81848844","81,848,844","Colombia"
"UNDP","2015","77749795","77,749,795","Somalia"
"UNDP","2015","77335102","77,335,102","Bosnia and Herzegovina"
"UNDP","2015","77043508","77,043,508","Egypt"
"IOM","2015","75492148","75,492,148","Switzerland"
"WFP","2015","72854613.65","72,854,614","Mali"
"WFP","2015","72829009.09","72,829,009","Malawi"
"WFP","2015","72259048.25","72,259,048","Guinea"
"WFP","2015","71871980.54","71,871,981","Liberia"
"UNHCR","2015","71866356.4","71,866,356","Sudan"
"WFP","2015","71181257.65","71,181,258","Nepal"
"UNICEF","2015","70904149.84","70,904,150","Uganda"
"UNICEF","2015","70719326.74","70,719,327","Philippines"
"UNHCR","2015","69594411.48","69,594,411","Uganda"
"UNDP","2015","68773791","68,773,791","Congo (the Democratic Republic of the)"
"UNICEF","2015","68105131.37","68,105,131","Kenya"
"WFP","2015","67719228","67,719,228","Sierra Leone"
"UNICEF","2015","66532928.78","66,532,929","Niger"
"UNHCR","2015","65929536.85","65,929,537","Afghanistan"
"WFP","2015","65252497.62","65,252,498","Central African Republic"
"WFP","2015","64181071.41","64,181,071","Uganda"
"UNICEF","2015","63767351.81","63,767,352","Central African Republic"
"UNDP","2015","63070086","63,070,086","Brazil"
"WHO","2015","60483000","60,483,000","India"
"WHO","2015","59801000","59,801,000","Iraq"
"WHO","2015","59492000","59,492,000","Afghanistan"
"UNDP","2015","59271545","59,271,545","Bangladesh"
"UNDP","2015","59008050","59,008,050","Central African Republic"
"UNICEF","2015","58639581.45","58,639,581","Myanmar"
"UNICEF","2015","57758699.12","57,758,699","Bangladesh"
"UNDP","2015","56614868","56,614,868","Lebanon"
"WHO","2015","56496000","56,496,000","Liberia"
"UNHCR","2015","56206424.09","56,206,424","Pakistan"
"UNDP","2015","55779756","55,779,756","Iraq"
"UNDP","2015","54955200","54,955,200","India"
"UNICEF","2015","54507458.69","54,507,459","Nepal"
"UNODC","2015","54320359","54,320,359","Colombia"
"FAO","2015","53814266.9","53,814,267","South Sudan"
"WFP","2015","53535340.25","53,535,340","Cameroon"
"UNDP","2015","53502450","53,502,450","China"
"UNHCR","2015","52802957.35","52,802,957","Cameroon"
"WFP","2015","52599724.99","52,599,725","Occupied Palestinian Territory"
"UNDP","2015","50561881","50,561,881","Pakistan"
"UNDP","2015","50248432","50,248,432","Tanzania, United Republic of"
"UNICEF","2015","49201487.45","49,201,487","Madagascar"
"UNDP","2015","48790035","48,790,035","Nigeria"
"FAO","2015","48062135.04","48,062,135","Somalia"
"WHO","2015","47543000","47,543,000","Guinea"
"UNHCR","2015","45753807.23","45,753,807","Yemen"
"UNDP","2015","45684863","45,684,863","Mali"
"WHO","2015","45281000","45,281,000","Ethiopia"
"UNHCR","2015","44506562.91","44,506,563","Egypt"
"WFP","2015","44055746.25","44,055,746","Turkey"
"UNDP","2015","44009611","44,009,611","Venezuela (Bolivarian Republic of)"
"UNICEF","2015","43675443.51","43,675,444","Mozambique"
"WFP","2015","43474890.62","43,474,891","Myanmar"
"UNICEF","2015","43012506.6","43,012,507","Burkina Faso"
"UNDP","2015","42438994","42,438,994","Saudi Arabia"
"UNICEF","2015","42324135.64","42,324,136","Tanzania, United Republic of"
"UNHCR","2015","42274314.3","42,274,314","Tanzania, United Republic of"
"WHO","2015","42180000","42,180,000","Syrian Arab Republic"
"UNICEF","2015","42092850.53","42,092,851","Turkey"
"UNDP","2015","41942540","41,942,540","El Salvador"
"UNICEF","2015","41568147.29","41,568,147","Zambia"
"UNICEF","2015","40943000.7","40,943,001","Cameroon"
"UNDP","2015","40491624","40,491,624","Guatemala"
"ICAO","2015","40368875.49","40,368,875","Argentina"
"UNDP","2015","40353779","40,353,779","Nepal"
"WHO","2015","40008000","40,008,000","Sierra Leone"
"UNICEF","2015","39419131.85","39,419,132","Côte d'Ivoire"
"WFP","2015","38919967.24","38,919,967","Egypt"
"WHO","2015","37297000","37,297,000","Congo (the Democratic Republic of the)"
"UNDP","2015","37103788","37,103,788","Guinea"
"WHO","2015","36602000","36,602,000","Somalia"
"WHO","2015","35476000","35,476,000","Sudan"
"UNHCR","2015","35414248.76","35,414,249","Somalia"
"UNICEF","2015","35382102.97","35,382,103","Haiti"
"UNDP","2015","35210431","35,210,431","Ethiopia"
"UNDP","2015","34930028","34,930,028","Dominican Republic"
"UNHCR","2015","34751155.53","34,751,156","Rwanda"
"UNDP","2015","34313416","34,313,416","Ukraine"
"UNDP","2015","33640924","33,640,924","Tajikistan"
"WHO","2015","33114000","33,114,000","Yemen"
"UNICEF","2015","33012188.43","33,012,188","Ghana"
"WFP","2015","32592136","32,592,136","Bangladesh"
"WFP","2015","31959818.15","31,959,818","Senegal"
"UNDP","2015","31937967","31,937,967","Senegal"
"UNDP","2015","31605884","31,605,884","Kyrgyzstan"
"UNDP","2015","31106779","31,106,779","Kenya"
"WFP","2015","30992496.71","30,992,497","Honduras"
"UNHCR","2015","30899733","30,899,733","Niger"
"UNICEF","2015","30757255.37","30,757,255","Occupied Palestinian Territory"
"WFP","2015","30353995.32","30,353,995","Democratic People's Republic of Korea"
"WHO","2015","30274000","30,274,000","South Sudan"
"UNHCR","2015","29851683.2","29,851,683","Central African Republic"
"UNDP","2015","29666781","29,666,781","Indonesia"
"UNDP","2015","29336687","29,336,687","Viet Nam"
"UNICEF","2015","28740957.5","28,740,958","Rwanda"
"UNDP","2015","28517626","28,517,626","Myanmar"
"UNICEF","2015","28142901.39","28,142,901","Democratic People's Republic of Korea"
"UNICEF","2015","28054191.7","28,054,192","Burundi"
"UNICEF","2015","27710833.17","27,710,833","China"
"WFP","2015","27459897.97","27,459,898","Burundi"
"UNDP","2015","27379546","27,379,546","Liberia"
"WHO","2015","27201000","27,201,000","Kenya"
"UNDP","2015","26972411","26,972,411","Philippines"
"WFP","2015","26815602.06","26,815,602","Tanzania, United Republic of"
"UNDP","2015","26003763","26,003,763","Mexico"
"UNDP","2015","25907154","25,907,154","Paraguay"
"UNICEF","2015","25736079.55","25,736,080","Indonesia"
"WFP","2015","25692086.03","25,692,086","Ukraine"
"UNDP","2015","25599480","25,599,480","Côte d'Ivoire"
"UNDP","2015","25383563","25,383,563","Yemen"
"UNHCR","2015","25198458.02","25,198,458","Iran (Islamic Republic of)"
"WFP","2015","25123197.41","25,123,197","Rwanda"
"UNDP","2015","25037198","25,037,198","Turkey"
"UNDP","2015","24747515","24,747,515","Armenia"
"UNDP","2015","24611993","24,611,993","Burundi"
"WFP","2015","24504777.23","24,504,777","Mauritania"
"FAO","2015","24489475.62","24,489,476","Afghanistan"
"WFP","2015","24254275.56","24,254,276","Haiti"
"UNDP","2015","24084465","24,084,465","Sierra Leone"
"UNDP","2015","24080637","24,080,637","Syrian Arab Republic"
"UNDP","2015","23895903","23,895,903","Malawi"
"UNDP","2015","23809674","23,809,674","Burkina Faso"
"UNICEF","2015","23717389.99","23,717,390","Brazil"
"WFP","2015","23536786.59","23,536,787","Zimbabwe"
"UNDP","2015","23310669","23,310,669","Belarus"
"UNHCR","2015","23128945.16","23,128,945","Ukraine"
"UNICEF","2015","22821226.27","22,821,226","Cambodia"
"FAO","2015","22637611.79","22,637,612","Zimbabwe"
"UNFPA","2015","22553237.93","22,553,238","Zimbabwe"
"UNFPA","2015","22471102.94","22,471,103","Somalia"
"FAO","2015","22363975.2","22,363,975","Central African Republic"
"WHO","2015","21963000","21,963,000","Myanmar"
"UNICEF","2015","21903212.96","21,903,213","Mauritania"
"UNICEF","2015","21657193.05","21,657,193","Argentina"
"UNFPA","2015","21606176.06","21,606,176","Nigeria"
"UNDP","2015","21447964","21,447,964","Republic of Moldova"
"UNICEF","2015","21428162.6","21,428,163","Fiji"
"UNFPA","2015","21360164.24","21,360,164","Congo (the Democratic Republic of the)"
"UNICEF","2015","21037650.43","21,037,650","Eritrea"
"UN-HABITAT","2015","20922893.82","20,922,894","Afghanistan"
"UNDP","2015","20687179","20,687,179","Cambodia"
"UNFPA","2015","20620917.73","20,620,918","Afghanistan"
"UNFPA","2015","20517072.6","20,517,073","South Sudan"
"UNDP","2015","20474748","20,474,748","Chad"
"UNICEF","2015","20460875.17","20,460,875","Ukraine"
"UNFPA","2015","20345452.6","20,345,453","Sierra Leone"
"WFP","2015","20238923.09","20,238,923","Guatemala"
"WFP","2015","20076099.45","20,076,099","Burkina Faso"
"UNHCR","2015","20051321.53","20,051,322","Myanmar"
"UNDP","2015","19985779","19,985,779","Chile"
"UNDP","2015","19942595","19,942,595","Lao People's Democratic Republic"
"WFP","2015","19886335.29","19,886,335","Mozambique"
"ILO","2015","19789216","19,789,216","Bangladesh"
"UNDP","2015","19388751","19,388,751","Uganda"
"UNFPA","2015","19052659.84","19,052,660","Uganda"
"UNDP","2015","19032454","19,032,454","Niger"
"UNDP","2015","18848040","18,848,040","Nicaragua"
"UNHCR","2015","18690793.990000002","18,690,794","Thailand"
"WHO","2015","18561000","18,561,000","Cameroon"
"UNICEF","2015","18456644.59","18,456,645","Egypt"
"UNDP","2015","18387251","18,387,251","Rwanda"
"UNFPA","2015","18217937.26","18,217,937","Iraq"
"UNICEF","2015","18000357.34","18,000,357","Senegal"
"UNIDO","2015","17793326.88","17,793,327","China"
"UNDP","2015","17762830","17,762,830","Iran (Islamic Republic of)"
"UNDP","2015","17744903","17,744,903","Honduras"
"UNDP","2015","17490108","17,490,108","Georgia"
"UNHCR","2015","17391830.05","17,391,830","Mali"
"UNDP","2015","17364084","17,364,084","Kazakhstan"
"UNDP","2015","17166197","17,166,197","Sri Lanka"
"UNDP","2015","17091093","17,091,093","Uruguay"
"UNDP","2015","17017264","17,017,264","Madagascar"
"FAO","2015","17011828.04","17,011,828","Ethiopia"
"UNDP","2015","16916107","16,916,107","Cuba"
"UNDP","2015","16865965","16,865,965","Serbia"
"UNICEF","2015","16718241.18","16,718,241","Angola"
"FAO","2015","16631888.36","16,631,888","Pakistan"
"UNFPA","2015","16601702.93","16,601,703","Ethiopia"
"WHO","2015","16358000","16,358,000","Mali"
"UNHCR","2015","16315851.58","16,315,852","Liberia"
"UNDP","2015","16255734","16,255,734","Mozambique"
"FAO","2015","16234241.76","16,234,242","Syrian Arab Republic"
"UNDP","2015","16174655","16,174,655","Arab States"
"UNDP","2015","16174541","16,174,541","Uzbekistan"
"WFP","2015","16087943.92","16,087,944","Algeria"
"WFP","2015","15989733.51","15,989,734","Philippines"
"UNICEF","2015","15961408","15,961,408","Benin"
"WHO","2015","15910000","15,910,000","Indonesia"
"UNDP","2015","15634633","15,634,633","Jordan"
"UNHCR","2015","15631142.09","15,631,142","Burundi"
"UNDP","2015","15441784","15,441,784","Papua New Guinea"
"UNHCR","2015","15427726.1","15,427,726","Algeria"
"UNDP","2015","15399015","15,399,015","Benin"
"UNHCR","2015","15397470.57","15,397,471","Colombia"
"WHO","2015","15310000","15,310,000","Bangladesh"
"UNFPA","2015","15145667.64","15,145,668","Sudan"
"UNHCR","2015","15135816.76","15,135,817","Greece"
"UNDP","2015","15067579","15,067,579","Panama"
"FAO","2015","14857824.92","14,857,825","Philippines"
"UNFPA","2015","14770666.57","14,770,667","Tanzania, United Republic of"
"FAO","2015","14703248.38","14,703,248","Bangladesh"
"FAO","2015","14652169.84","14,652,170","Uganda"
"UNFPA","2015","14541876.899999999","14,541,877","Turkey"
"WHO","2015","14539000","14,539,000","Chad"
"UNHCR","2015","14509132.01","14,509,132","Burkina Faso"
"WHO","2015","14435000","14,435,000","Angola"
"UNDP","2015","14361992","14,361,992","Angola"
"UNFPA","2015","14320619.17","14,320,619","Bangladesh"
"UNFPA","2015","14308641.51","14,308,642","Syrian Arab Republic"
"UNICEF","2015","14212191.35","14,212,191","Guinea-Bissau"
"UNDP","2015","14192207","14,192,207","Timor-Leste"
"WHO","2015","14038000","14,038,000","Niger"
"WFP","2015","14031110.63","14,031,111","Madagascar"
"UNICEF","2015","14028223.31","14,028,223","Lao People's Democratic Republic"
"UNDP","2015","13980176","13,980,176","Guinea-Bissau"
"WFP","2015","13968439.29","13,968,439","Thailand"
"UNDP","2015","13878056","13,878,056","Morocco"
"WFP","2015","13783129.64","13,783,130","Lao People's Democratic Republic"
"UNICEF","2015","13599983.78","13,599,984","Viet Nam"
"UNFPA","2015","13250845.129999999","13,250,845","Egypt"
"WHO","2015","13126000","13,126,000","Viet Nam"
"WFP","2015","13122885.76","13,122,886","Colombia"
"UNDP","2015","13061249","13,061,249","Tunisia"
"UNHCR","2015","12959419.92","12,959,420","Mauritania"
"UNHCR","2015","12935230.91","12,935,231","Ecuador"
"UNDP","2015","12838748","12,838,748","Ghana"
"UNFPA","2015","12811025.91","12,811,026","Malawi"
"WHO","2015","12764000","12,764,000","Nepal"
"UNFPA","2015","12648974.09","12,648,974","Niger"
"UNFPA","2015","12583008.28","12,583,008","Thailand"
"WHO","2015","12456000","12,456,000","Lebanon"
"FAO","2015","12391145.25","12,391,145","Congo (the Democratic Republic of the)"
"UNFPA","2015","12384081.26","12,384,081","Liberia"
"WHO","2015","12283000","12,283,000","Uganda"
"UNICEF","2015","12264170.42","12,264,170","Colombia"
"WFP","2015","12142114.01","12,142,114","Tajikistan"
"UNICEF","2015","12140867.08","12,140,867","Timor-Leste"
"UNICEF","2015","12134066.73","12,134,067","Kyrgyzstan"
"UNFPA","2015","12108170.56","12,108,171","Myanmar"
"UNHCR","2015","12071252.66","12,071,253","Senegal"
"UNICEF","2015","12061392.76","12,061,393","Thailand"
"UNHCR","2015","12048810.51","12,048,811","Serbia"
"ILO","2015","11969531","11,969,531","Timor-Leste"
"WHO","2015","11941000","11,941,000","Democratic People's Republic of Korea"
"UNFPA","2015","11791255.95","11,791,256","Kenya"
"UNHCR","2015","11744077.77","11,744,078","Nigeria"
"FAO","2015","11728964.27","11,728,964","Sudan"
"UNDP","2015","11647765","11,647,765","Fiji"
"UNICEF","2015","11523094","11,523,094","Congo"
"UNDP","2015","11457055","11,457,055","Albania"
"WHO","2015","11408000","11,408,000","Madagascar"
"WFP","2015","11395796.36","11,395,796","Lesotho"
"WFP","2015","11388057.13","11,388,057","Cambodia"
"UNDP","2015","11352157","11,352,157","Russian Federation"
"UNHCR","2015","11293715.38","11,293,715","Congo"
"UNDP","2015","11159209","11,159,209","Eritrea"
"UNFPA","2015","11152199.24","11,152,199","India"
"WHO","2015","11135000","11,135,000","Lao People's Democratic Republic"
"UNICEF","2015","11117879.78","11,117,880","Togo"
"FAO","2015","10691175.71","10,691,176","Colombia"
"UNFPA","2015","10651496.08","10,651,496","Panama"
"WFP","2015","10564836.87","10,564,837","Côte d'Ivoire"
"UNODC","2015","10549205","10,549,205","Nigeria"
"UNICEF","2015","10497410.1","10,497,410","Sri Lanka"
"FAO","2015","10471636.48","10,471,636","Madagascar"
"ILO","2015","10359900","10,359,900","Arab States"
"WHO","2015","10347000","10,347,000","China"
"UNICEF","2015","10262472.05","10,262,472","Bolivia (Plurinational State of)"
"WHO","2015","10242000","10,242,000","Tanzania, United Republic of"
"WHO","2015","10138000","10,138,000","Burkina Faso"
"UNDP","2015","10119223","10,119,223","Libya"
"UNICEF","2015","10096632.97","10,096,633","Papua New Guinea"
"UNFPA","2015","10067551.71","10,067,552","Pakistan"
"UNDP","2015","10061992","10,061,992","Azerbaijan"
"FAO","2015","10042322.59","10,042,323","Burkina Faso"
"UNODC","2015","10033017","10,033,017","Afghanistan"
"WHO","2015","10030000","10,030,000","Cambodia"
"UNDP","2015","10011114","10,011,114","Kosovo"
"UNDP","2015","9975748","9,975,748","Ecuador"
"UNICEF","2015","9934802.72","9,934,803","Mexico"
"FAO","2015","9779626.867","9,779,627","Lithuania"
"UNDP","2015","9743288","9,743,288","Bolivia (Plurinational State of)"
"WFP","2015","9730876.92","9,730,877","Panama"
"WFP","2015","9710894.18","9,710,894","Ghana"
"FAO","2015","9640950.579","9,640,951","Kenya"
"UNDP","2015","9638527","9,638,527","Togo"
"UNHCR","2015","9617018.06","9,617,018","Nepal"
"FAO","2015","9611212.144","9,611,212","Occupied Palestinian Territory"
"WHO","2015","9454000","9,454,000","Ukraine"
"UNHCR","2015","9386067.47","9,386,067","Djibouti"
"UNDP","2015","9327368","9,327,368","Maldives"
"UNFPA","2015","9320537.7","9,320,538","Côte d'Ivoire"
"WFP","2015","9301118.64","9,301,119","Kyrgyzstan"
"FAO","2015","9200183.636","9,200,184","Saudi Arabia"
"UNHCR","2015","9099744.51","9,099,745","Côte d'Ivoire"
"UNDP","2015","9074687","9,074,687","Macedonia (the former Yugoslav Republic of)"
"UNFPA","2015","9033256.96","9,033,257","Nepal"
"UNFPA","2015","9029511.34","9,029,511","Mozambique"
"UNHCR","2015","8907143.86","8,907,144","Zambia"
"WFP","2015","8839866.26","8,839,866","Djibouti"
"UNHCR","2015","8831293.58","8,831,294","Malaysia"
"WHO","2015","8829000","8,829,000","Occupied Palestinian Territory"
"UNHCR","2015","8807287.8","8,807,288","Italy"
"UNICEF","2015","8778646.72","8,778,647","Guatemala"
"UNFPA","2015","8694835.18","8,694,835","Jordan"
"UNDP","2015","8688402","8,688,402","Comoros"
"UNICEF","2015","8676344.87","8,676,345","Uzbekistan"
"FAO","2015","8621092.533","8,621,093","Mali"
"UNDP","2015","8592909","8,592,909","Congo"
"WHO","2015","8581000","8,581,000","Philippines"
"FAO","2015","8578385.747","8,578,386","Mozambique"
"UN-HABITAT","2015","8575501.57","8,575,502","Somalia"
"UNDP","2015","8496842","8,496,842","Namibia"
"FAO","2015","8315417.8","8,315,418","Niger"
"UNFPA","2015","8301430.55","8,301,431","Guinea"
"UNDP","2015","8237038","8,237,038","Cabo Verde"
"UNDP","2015","8154728","8,154,728","Kuwait"
"WFP","2015","8108255.06","8,108,255","Congo"
"UNHCR","2015","8107841.24","8,107,841","Bosnia and Herzegovina"
"ILO","2015","8085706","8,085,706","Egypt"
"UNDP","2015","8054324","8,054,324","Mauritania"
"UNIDO","2015","8005044.42","8,005,044","Russian Federation"
"UNFPA","2015","7966466.94","7,966,467","Burkina Faso"
"WHO","2015","7966000","7,966,000","Central African Republic"
"ICAO","2015","7948510.91","7,948,511","Peru"
"UNDP","2015","7928087","7,928,087","Gambia"
"UNDP","2015","7861921","7,861,921","Samoa"
"UNICEF","2015","7847624.91","7,847,625","Bosnia and Herzegovina"
"UNDP","2015","7845149","7,845,149","Mauritius"
"FAO","2015","7818198.884","7,818,199","Chad"
"UNDP","2015","7758412","7,758,412","Turkmenistan"
"WHO","2015","7734000","7,734,000","Egypt"
"UNDP","2015","7703540","7,703,540","Sao Tome and Principe"
"UNDP","2015","7675853","7,675,853","Malaysia"
"UNDP","2015","7557123","7,557,123","Equatorial Guinea"
"UNICEF","2015","7515618.41","7,515,618","Peru"
"UNDP","2015","7468196","7,468,196","Thailand"
"WFP","2015","7454070.3","7,454,070","El Salvador"
"UNICEF","2015","7401100.86","7,401,101","Lesotho"
"UNHCR","2015","7326978.2","7,326,978","Georgia"
"UNHCR","2015","7304358.31","7,304,358","Libya"
"UNFPA","2015","7282689.8","7,282,690","Philippines"
"FAO","2015","7208863.62","7,208,864","Mexico"
"UNFPA","2015","7194719.93","7,194,720","Fiji"
"UNDP","2015","7178888","7,178,888","Costa Rica"
"FAO","2015","7141978.624","7,141,979","China"
"UNICEF","2015","7136732.14","7,136,732","Tajikistan"
"UNFPA","2015","7102513.81","7,102,514","Cameroon"
"WFP","2015","7076427.32","7,076,427","Nicaragua"
"UNDP","2015","7058238","7,058,238","Cyprus"
"UNFPA","2015","6988961.89","6,988,962","Zambia"
"UNDP","2015","6978939","6,978,939","Mongolia"
"UN-HABITAT","2015","6884780.918","6,884,781","Sri Lanka"
"UNICEF","2015","6878219.7","6,878,220","Djibouti"
"ICAO","2015","6874976.78","6,874,977","Saudi Arabia"
"UNIDO","2015","6772032.418","6,772,032","Nigeria"
"WFP","2015","6766493.12","6,766,493","Zambia"
"UNFPA","2015","6658033.39","6,658,033","Senegal"
"ILO","2015","6646875","6,646,875","Philippines"
"UNDP","2015","6632831","6,632,831","Cameroon"
"WHO","2015","6595000","6,595,000","Côte d'Ivoire"
"UNDP","2015","6591844","6,591,844","United Arab Emirates"
"UNICEF","2015","6587868.94","6,587,869","Malaysia"
"UNDP","2015","6541391","6,541,391","Djibouti"
"UNDP","2015","6540377","6,540,377","Montenegro"
"UNHCR","2015","6516408.58","6,516,409","Bangladesh"
"WHO","2015","6513000","6,513,000","Benin"
"ILO","2015","6497989","6,497,989","Myanmar"
"UNDP","2015","6461934","6,461,934","Bhutan"
"UNFPA","2015","6407104.56","6,407,105","Chad"
"ILO","2015","6399979","6,399,979","Somalia"
"FAO","2015","6395905.829","6,395,906","Zambia"
"UNICEF","2015","6375562.36","6,375,562","Gambia"
"UNFPA","2015","6371298.36","6,371,298","Yemen"
"FAO","2015","6330102.869","6,330,103","Nepal"
"UNODC","2015","6244254","6,244,254","Pakistan"
"UNFPA","2015","6199769.64","6,199,770","Madagascar"
"FAO","2015","6191107.197","6,191,107","Serbia"
"UNIDO","2015","6184933.6","6,184,934","Egypt"
"UNHCR","2015","6096566.31","6,096,566","India"
"UNICEF","2015","6093701.06","6,093,701","Barbados"
"WHO","2015","5976000","5,976,000","Namibia"
"WHO","2015","5969000","5,969,000","Greece"
"UNICEF","2015","5960158.44","5,960,158","Bhutan"
"UNICEF","2015","5895830.92","5,895,831","Namibia"
"UNHCR","2015","5881210.61","5,881,211","Venezuela (Bolivarian Republic of)"
"UNFPA","2015","5845643.38","5,845,643","Guatemala"
"FAO","2015","5811284.224","5,811,284","Haiti"
"FAO","2015","5782110.17","5,782,110","Chile"
"FAO","2015","5777507.692","5,777,508","Yemen"
"FAO","2015","5749787.804","5,749,788","Iraq"
"UNIDO","2015","5748900.011","5,748,900","Iraq"
"FAO","2015","5729019.324","5,729,019","Sri Lanka"
"UNDP","2015","5711907","5,711,907","Trinidad and Tobago"
"WHO","2015","5676000","5,676,000","Ghana"
"UNICEF","2015","5656693.39","5,656,693","Serbia"
"FAO","2015","5608299.351","5,608,299","Guinea"
"WFP","2015","5606200.96","5,606,201","Sri Lanka"
"UNFPA","2015","5591454.46","5,591,454","Haiti"
"UNIDO","2015","5584056.696","5,584,057","Côte d'Ivoire"
"UNHCR","2015","5583071.98","5,583,072","United States of America"
"ILO","2015","5574462","5,574,462","Zambia"
"WFP","2015","5498190.87","5,498,191","Indonesia"
"WHO","2015","5495000","5,495,000","Mozambique"
"UNDP","2015","5485775","5,485,775","Algeria"
"UNDP","2015","5484932","5,484,932","Botswana"
"FAO","2015","5429939.012","5,429,939","Indonesia"
"UNFPA","2015","5364404.14","5,364,404","Ghana"
"UNFPA","2015","5334485.78","5,334,486","Burundi"
"UN-HABITAT","2015","5324220.1","5,324,220","Myanmar"
"UN-HABITAT","2015","5303664.76","5,303,665","Pakistan"
"UNHCR","2015","5301000.63","5,301,001","Panama"
"UNFPA","2015","5271215.02","5,271,215","Viet Nam"
"UNDP","2015","5258490","5,258,490","Solomon Islands"
"WFP","2015","5258066.47","5,258,066","Ecuador"
"ILO","2015","5233133","5,233,133","Viet Nam"
"UNHCR","2015","5232283.56","5,232,284","Sri Lanka"
"WHO","2015","5203000","5,203,000","Papua New Guinea"
"UNICEF","2015","5161693.31","5,161,693","Ecuador"
"UNFPA","2015","5143107.81","5,143,108","Central African Republic"
"UNFPA","2015","5139454.97","5,139,455","Cambodia"
"UNICEF","2015","5074044.58","5,074,045","Georgia"
"UNFPA","2015","5069557.49","5,069,557","Indonesia"
"FAO","2015","5049573.76","5,049,574","Nigeria"
"ILO","2015","5049021","5,049,021","Indonesia"
"FAO","2015","5019101.513","5,019,102","Angola"
"UNDP","2015","5014023","5,014,023","Guyana"
"WFP","2015","4998561.71","4,998,562","Libya"
"WHO","2015","4963000","4,963,000","Timor-Leste"
"UNHCR","2015","4949382.78","4,949,383","Zimbabwe"
"UNFPA","2015","4948696.61","4,948,697","Rwanda"
"UNFPA","2015","4933031.04","4,933,031","China"
"WHO","2015","4932000","4,932,000","Zimbabwe"
"FAO","2015","4922109.137","4,922,109","Bolivia (Plurinational State of)"
"WHO","2015","4907000","4,907,000","Turkey"
"UNFPA","2015","4869953.42","4,869,953","Benin"
"UNDP","2015","4864684","4,864,684","Lesotho"
"UNICEF","2015","4832072.87","4,832,073","Mongolia"
"WFP","2015","4831488.42","4,831,488","Guinea-Bissau"
"UNICEF","2015","4798364.54","4,798,365","Armenia"
"FAO","2015","4785538.533","4,785,539","Honduras"
"UNHCR","2015","4766934.06","4,766,934","Ghana"
"FAO","2015","4743646.362","4,743,646","Malawi"
"UNDP","2015","4680712","4,680,712","Jamaica"
"UN-HABITAT","2015","4678551.64","4,678,552","Iraq"
"UN-HABITAT","2015","4645231.99","4,645,232","Congo (the Democratic Republic of the)"
"UNFPA","2015","4624782.69","4,624,783","Lebanon"
"UNICEF","2015","4624058.54","4,624,059","Morocco"
"FAO","2015","4607198.961","4,607,199","Viet Nam"
"UNICEF","2015","4606730.78","4,606,731","Comoros"
"ICAO","2015","4514772.079","4,514,772","Somalia"
"UNFPA","2015","4514728.95","4,514,729","Mali"
"UNHCR","2015","4506080.81","4,506,081","Hungary"
"UNICEF","2015","4460688.28","4,460,688","Kazakhstan"
"UNHCR","2015","4438522.83","4,438,523","Kazakhstan"
"UNFPA","2015","4438150.79","4,438,151","Togo"
"WHO","2015","4401000","4,401,000","Thailand"
"WFP","2015","4390358.76","4,390,359","Armenia"
"ICAO","2015","4368384.022","4,368,384","Bahamas"
"UNDP","2015","4347488","4,347,488","Gabon"
"WHO","2015","4347000","4,347,000","Senegal"
"UNHCR","2015","4271511.76","4,271,512","Réunion"
"UNICEF","2015","4268582.42","4,268,582","Honduras"
"UNFPA","2015","4213970.27","4,213,970","Angola"
"UNHCR","2015","4203383.66","4,203,384","Indonesia"
"UNFPA","2015","4193885.24","4,193,885","Honduras"
"UNICEF","2015","4161446.78","4,161,447","Romania"
"WHO","2015","4148000","4,148,000","Zambia"
"UN-HABITAT","2015","4141611.41","4,141,611","Occupied Palestinian Territory"
"WFP","2015","4132585.98","4,132,586","Cuba"
"WHO","2015","4039000","4,039,000","Malawi"
"WFP","2015","4036526.61","4,036,527","Gambia"
"ILO","2015","4021497","4,021,497","Tanzania, United Republic of"
"UNICEF","2015","3973174.58","3,973,175","Swaziland"
"FAO","2015","3971725.117","3,971,725","Turkey"
"UNIDO","2015","3951818.665","3,951,819","Sudan"
"UNFPA","2015","3926082.0100000002","3,926,082","Jamaica"
"UNHCR","2015","3925108.83","3,925,109","Russian Federation"
"UNHCR","2015","3917536.7","3,917,537","Macedonia (the former Yugoslav Republic of)"
"UNHCR","2015","3917087.69","3,917,088","Tunisia"
"FAO","2015","3894968.423","3,894,968","Arab States"
"UNICEF","2015","3888522.12","3,888,522","Chile"
"WFP","2015","3886543.78","3,886,544","Vanuatu"
"UNICEF","2015","3871743.67","3,871,744","Venezuela (Bolivarian Republic of)"
"UNODC","2015","3866301","3,866,301","Somalia"
"UNICEF","2015","3862927.13","3,862,927","Iran (Islamic Republic of)"
"FAO","2015","3862510.942","3,862,511","Cambodia"
"UNHCR","2015","3861927.41","3,861,927","Kosovo"
"FAO","2015","3827725.132","3,827,725","Lebanon"
"UNFPA","2015","3801955.32","3,801,955","Mongolia"
"UNDP","2015","3801226","3,801,226","Barbados"
"ILO","2015","3778446","3,778,446","Tunisia"
"UNICEF","2015","3772305.09","3,772,305","Uruguay"
"UNFPA","2015","3753015.81","3,753,016","Lao People's Democratic Republic"
"UNHCR","2015","3748945.99","3,748,946","Angola"
"UNICEF","2015","3740685.02","3,740,685","Kosovo"
"WHO","2015","3713000","3,713,000","Jordan"
"FAO","2015","3702736.233","3,702,736","Tunisia"
"FAO","2015","3696554.417","3,696,554","Panama"
"FAO","2015","3688448.895","3,688,449","Senegal"
"UNHCR","2015","3686190.76","3,686,191","Malawi"
"FAO","2015","3666450.019","3,666,450","United States of America"
"UNHCR","2015","3661426.88","3,661,427","Eritrea"
"UNHCR","2015","3651060.55","3,651,061","Saudi Arabia"
"WHO","2015","3638000","3,638,000","Equatorial Guinea"
"UNHCR","2015","3634394.43","3,634,394","Guinea"
"UNODC","2015","3598579","3,598,579","Panama"
"UNFPA","2015","3567872.56","3,567,873","Congo"
"UNDP","2015","3549624","3,549,624","Belize"
"UNDP","2015","3538118","3,538,118","Democratic People's Republic of Korea"
"WHO","2015","3528000","3,528,000","Rwanda"
"UNDP","2015","3519831","3,519,831","Swaziland"
"FAO","2015","3519415.251","3,519,415","Barbados"
"UNDP","2015","3506017","3,506,017","Bahrain"
"ICAO","2015","3491247.336","3,491,247","Panama"
"UNHCR","2015","3486536.5","3,486,537","China"
"WHO","2015","3485000","3,485,000","Congo"
"WHO","2015","3463000","3,463,000","Mongolia"
"UNICEF","2015","3462289.3","3,462,289","Nicaragua"
"UNHCR","2015","3437582.27","3,437,582","Croatia"
"UNFPA","2015","3435210.92","3,435,211","Bolivia (Plurinational State of)"
"FAO","2015","3412303.188","3,412,303","Gambia"
"UNICEF","2015","3400903.19","3,400,903","Libya"
"UNICEF","2015","3384502.79","3,384,503","Equatorial Guinea"
"UNICEF","2015","3363385.71","3,363,386","Croatia"
"ILO","2015","3349884","3,349,884","Cambodia"
"UNHCR","2015","3344043.93","3,344,044","Philippines"
"UNHCR","2015","3338924.57","3,338,925","Argentina"
"UNFPA","2015","3329350.07","3,329,350","Eritrea"
"UNHCR","2015","3308200.97","3,308,201","Kyrgyzstan"
"UNICEF","2015","3300543.8","3,300,544","Gabon"
"FAO","2015","3298637.888","3,298,638","Argentina"
"WHO","2015","3280000","3,280,000","Guinea-Bissau"
"UNICEF","2015","3271719.04","3,271,719","Republic of Moldova"
"WHO","2015","3248000","3,248,000","Togo"
"UNFPA","2015","3243121.83","3,243,122","Mauritania"
"WHO","2015","3236000","3,236,000","Gabon"
"UNIDO","2015","3231329.201","3,231,329","Pakistan"
"UNICEF","2015","3218859.35","3,218,859","Dominican Republic"
"FAO","2015","3218422.694","3,218,423","Myanmar"
"UNHCR","2015","3211718.77","3,211,719","Morocco"
"UNICEF","2015","3201418.02","3,201,418","Guyana"
"UNICEF","2015","3191254.52","3,191,255","Algeria"
"UNIDO","2015","3183771.258","3,183,771","Morocco"
"WHO","2015","3182000","3,182,000","Solomon Islands"
"UNICEF","2015","3132121.05","3,132,121","El Salvador"
"FAO","2015","3118819.996","3,118,820","Côte d'Ivoire"
"UNIDO","2015","3113415.35","3,113,415","Ethiopia"
"UNHCR","2015","3111291.65","3,111,292","Mozambique"
"UNFPA","2015","3098351.27","3,098,351","Nicaragua"
"UNICEF","2015","3096392.57","3,096,393","Macedonia (the former Yugoslav Republic of)"
"UNFPA","2015","3073215.24","3,073,215","Occupied Palestinian Territory"
"FAO","2015","3061622.502","3,061,623","Djibouti"
"WHO","2015","3060000","3,060,000","Republic of Moldova"
"FAO","2015","3047758.567","3,047,759","Burundi"
"WFP","2015","3027852.57","3,027,853","Bolivia (Plurinational State of)"
"WHO","2015","3022000","3,022,000","Eritrea"
"UNHCR","2015","3015146.66","3,015,147","Armenia"
"WHO","2015","2990000","2,990,000","Mauritania"
"FAO","2015","2983720.201","2,983,720","Cameroon"
"UNICEF","2015","2977659.15","2,977,659","Bulgaria"
"WHO","2015","2973000","2,973,000","Djibouti"
"UNHCR","2015","2971265.47","2,971,265","Brazil"
"UNFPA","2015","2969735.02","2,969,735","Papua New Guinea"
"UNHCR","2015","2956175.16","2,956,175","Belgium"
"FAO","2015","2951680.609","2,951,681","Liberia"
"WFP","2015","2947290.08","2,947,290","Swaziland"
"WFP","2015","2937823.02","2,937,823","Timor-Leste"
"WHO","2015","2925000","2,925,000","Sri Lanka"
"UNHCR","2015","2919788.83","2,919,789","Sweden"
"UNICEF","2015","2916932.14","2,916,932","Paraguay"
"FAO","2015","2900288.797","2,900,289","Guatemala"
"ILO","2015","2868771","2,868,771","Sri Lanka"
"FAO","2015","2855507.534","2,855,508","Sierra Leone"
"UNICEF","2015","2855478.12","2,855,478","Tunisia"
"UNICEF","2015","2846977.55","2,846,978","Cuba"
"UN-HABITAT","2015","2846141.48","2,846,141","Haiti"
"UNICEF","2015","2840537.14","2,840,537","Jamaica"
"FAO","2015","2833342.449","2,833,342","Brazil"
"UNICEF","2015","2830715","2,830,715","Belize"
"WHO","2015","2826000","2,826,000","Iran (Islamic Republic of)"
"UNFPA","2015","2824744.57","2,824,745","Colombia"
"UNHCR","2015","2804221.02","2,804,221","Botswana"
"ILO","2015","2778432","2,778,432","Haiti"
"UNIDO","2015","2773735","2,773,735","Viet Nam"
"UNHCR","2015","2772633.5","2,772,634","Israel"
"UNICEF","2015","2763084.35","2,763,084","Azerbaijan"
"UNIDO","2015","2742357.407","2,742,357","Mexico"
"WFP","2015","2741925.34","2,741,925","Benin"
"UN-HABITAT","2015","2740394.52","2,740,395","Nepal"
"WHO","2015","2738000","2,738,000","Uzbekistan"
"UNIDO","2015","2727341.849","2,727,342","India"
"UNFPA","2015","2722339.03","2,722,339","Timor-Leste"
"ILO","2015","2716330","2,716,330","Afghanistan"
"UNAIDS","2015","2705472","2,705,472","Nigeria"
"UNAIDS","2015","2702174","2,702,174","Myanmar"
"WFP","2015","2697792.59","2,697,793","Iran (Islamic Republic of)"
"FAO","2015","2693357.834","2,693,358","Mauritania"
"UNICEF","2015","2678626.1","2,678,626","Albania"
"UNHCR","2015","2658439.9","2,658,440","Azerbaijan"
"FAO","2015","2638226.035","2,638,226","Rwanda"
"ILO","2015","2616940","2,616,940","Colombia"
"UNHCR","2015","2597802.36","2,597,802","Mexico"
"FAO","2015","2596658.45","2,596,658","Kyrgyzstan"
"WHO","2015","2551000","2,551,000","Maldives"
"UNICEF","2015","2546443.56","2,546,444","Botswana"
"WFP","2015","2543506.48","2,543,506","Nigeria"
"UNHCR","2015","2542327.1","2,542,327","Togo"
"UNHCR","2015","2536564.22","2,536,564","Japan"
"WHO","2015","2533000","2,533,000","Gambia"
"ILO","2015","2515590","2,515,590","Jordan"
"UNFPA","2015","2469384.17","2,469,384","Lesotho"
"UNHCR","2015","2460829.96","2,460,830","Costa Rica"
"WHO","2015","2444000","2,444,000","Kyrgyzstan"
"UNICEF","2015","2440382.6","2,440,383","Costa Rica"
"UNHCR","2015","2408910.88","2,408,911","United Arab Emirates"
"FAO","2015","2402566.347","2,402,566","Benin"
"WHO","2015","2393000","2,393,000","Tajikistan"
"UNICEF","2015","2378807.94","2,378,808","Maldives"
"ILO","2015","2368958","2,368,958","El Salvador"
"WHO","2015","2355000","2,355,000","Vanuatu"
"UNIDO","2015","2348099.376","2,348,099","Tunisia"
"ICAO","2015","2308280.361","2,308,280","Costa Rica"
"WHO","2015","2304000","2,304,000","Morocco"
"UNODC","2015","2300796","2,300,796","Kenya"
"UNIDO","2015","2286280.033","2,286,280","Tanzania, United Republic of"
"UNFPA","2015","2285553.29","2,285,553","El Salvador"
"UNHCR","2015","2260589.63","2,260,590","France"
"ILO","2015","2247860","2,247,860","Pakistan"
"UNHCR","2015","2246016.74","2,246,017","United Kingdom of Great Britain and Northern Ireland"
"WHO","2015","2236000","2,236,000","Fiji"
"UNFPA","2015","2233466.35","2,233,466","Swaziland"
"UNFPA","2015","2223696.24","2,223,696","Guinea-Bissau"
"WFP","2015","2219836.83","2,219,837","India"
"UNODC","2015","2218831","2,218,831","Brazil"
"UNODC","2015","2217127","2,217,127","Occupied Palestinian Territory"
"WHO","2015","2199000","2,199,000","Burundi"
"UNICEF","2015","2198910.01","2,198,910","Oman"
"UNAIDS","2015","2189459","2,189,459","India"
"UNODC","2015","2188729","2,188,729","Mexico"
"UN-HABITAT","2015","2187760.31","2,187,760","Kenya"
"FAO","2015","2187379.55","2,187,380","Lao People's Democratic Republic"
"UNDP","2015","2186040","2,186,040","Croatia"
"UNFPA","2015","2183286.23","2,183,286","Peru"
"ILO","2015","2160504","2,160,504","Nepal"
"UNIDO","2015","2131654.847","2,131,655","Indonesia"
"UNICEF","2015","2131577","2,131,577","Turkmenistan"
"UNIDO","2015","2126543.993","2,126,544","Thailand"
"UNFPA","2015","2125204.63","2,125,205","Iran (Islamic Republic of)"
"FAO","2015","2116117.954","2,116,118","Ecuador"
"FAO","2015","2113859.077","2,113,859","Democratic People's Republic of Korea"
"UNFPA","2015","2112316.18","2,112,316","Ukraine"
"FAO","2015","2103559.502","2,103,560","El Salvador"
"UNHCR","2015","2096987.47","2,096,987","Romania"
"UNDP","2015","2090753","2,090,753","Suriname"
"WHO","2015","2080000","2,080,000","Tunisia"
"ICAO","2015","2062562.505","2,062,563","Namibia"
"UNICEF","2015","2052794.22","2,052,794","Sao Tome and Principe"
"UN-HABITAT","2015","2047926.47","2,047,926","Brazil"
"FAO","2015","2047771.787","2,047,772","Cabo Verde"
"FAO","2015","2046216.474","2,046,216","Morocco"
"UNIDO","2015","2036772.845","2,036,773","Japan"
"UN-HABITAT","2015","2032944.61","2,032,945","Lebanon"
"WFP","2015","2023792.83","2,023,793","Peru"
"ILO","2015","2021724","2,021,724","Ethiopia"
"FAO","2015","2018712.982","2,018,713","Papua New Guinea"
"UN-HABITAT","2015","2011949.62","2,011,950","Colombia"
"UNIDO","2015","2010618.993","2,010,619","South Sudan"
"FAO","2015","2002787.438","2,002,787","Georgia"
"UNHCR","2015","2000700.41","2,000,700","Montenegro"
"UNIDO","2015","1994062.385","1,994,062","Bangladesh"
"UNIDO","2015","1993626.4","1,993,626","Saudi Arabia"
"WHO","2015","1939000","1,939,000","Swaziland"
"WFP","2015","1928723.16","1,928,723","Bhutan"
"ILO","2015","1926868","1,926,868","Brazil"
"UNHCR","2015","1926334.56","1,926,335","Germany"
"UNFPA","2015","1920491.76","1,920,492","Equatorial Guinea"
"FAO","2015","1898055.319","1,898,055","Tajikistan"
"UNFPA","2015","1896631.57","1,896,632","Kazakhstan"
"FAO","2015","1886413.431","1,886,413","Timor-Leste"
"UNODC","2015","1884044","1,884,044","Kyrgyzstan"
"UNFPA","2015","1877358.62","1,877,359","Kyrgyzstan"
"ILO","2015","1873838","1,873,838","India"
"UNICEF","2015","1867886.72","1,867,887","Panama"
"UNIDO","2015","1867472.757","1,867,473","Philippines"
"UNIDO","2015","1865590.711","1,865,591","Cambodia"
"UNFPA","2015","1863856.31","1,863,856","Gambia"
"UNIDO","2015","1863757.451","1,863,757","Mozambique"
"FAO","2015","1856978.086","1,856,978","Switzerland"
"UNFPA","2015","1855844.38","1,855,844","Namibia"
"WHO","2015","1853000","1,853,000","Botswana"
"UNAIDS","2015","1852852","1,852,852","Zimbabwe"
"UNODC","2015","1841386","1,841,386","Bolivia (Plurinational State of)"
"UNAIDS","2015","1828287","1,828,287","Congo (the Democratic Republic of the)"
"FAO","2015","1826812.483","1,826,812","Egypt"
"WHO","2015","1822000","1,822,000","Russian Federation"
"UNFPA","2015","1820481.02","1,820,481","Morocco"
"UNHCR","2015","1796811.95","1,796,812","Tajikistan"
"WHO","2015","1777000","1,777,000","Libya"
"UNIDO","2015","1776421.86","1,776,422","Guinea"
"UNICEF","2015","1770843.43","1,770,843","Cabo Verde"
"UNFPA","2015","1769628.33","1,769,628","Mexico"
"UNICEF","2015","1765894.02","1,765,894","Montenegro"
"WHO","2015","1763000","1,763,000","Samoa"
"UNHCR","2015","1758779.09","1,758,779","Spain"
"ILO","2015","1750605","1,750,605","Morocco"
"UN-HABITAT","2015","1749364.24","1,749,364","Philippines"
"UN-HABITAT","2015","1726547.82","1,726,548","Egypt"
"UNHCR","2015","1713718.5","1,713,719","Western Sahara"
"UNFPA","2015","1706627.51","1,706,628","Uzbekistan"
"UNIDO","2015","1700495.503","1,700,496","Turkey"
"UNFPA","2015","1699527.45","1,699,527","Botswana"
"WFP","2015","1697852.83","1,697,853","Dominican Republic"
"FAO","2015","1692095.606","1,692,096","Namibia"
"UNFPA","2015","1686674.96","1,686,675","Sri Lanka"
"FAO","2015","1682777.998","1,682,778","Mongolia"
"UNICEF","2015","1679954.46","1,679,954","Saudi Arabia"
"UNFPA","2015","1665992.33","1,665,992","Democratic People's Republic of Korea"
"UNFPA","2015","1642682.77","1,642,683","Tajikistan"
"UNFPA","2015","1633102.98","1,633,103","Cabo Verde"
"WHO","2015","1633000","1,633,000","Lesotho"
"WHO","2015","1628000","1,628,000","Bhutan"
"UNHCR","2015","1596936.27","1,596,936","Australia"
"UNHCR","2015","1594908.38","1,594,908","Dominican Republic"
"ICAO","2015","1590020.946","1,590,021","Uruguay"
"FAO","2015","1562668.699","1,562,669","Eritrea"
"UNAIDS","2015","1561412","1,561,412","Uganda"
"UNHCR","2015","1560034.08","1,560,034","Albania"
"UNIDO","2015","1559539.891","1,559,540","Armenia"
"UNAIDS","2015","1556803","1,556,803","Kenya"
"UNHCR","2015","1555827.87","1,555,828","Canada"
"FAO","2015","1547526.703","1,547,527","India"
"UNFPA","2015","1540858.09","1,540,858","Uruguay"
"UNFPA","2015","1534324.63","1,534,325","Djibouti"
"UNIDO","2015","1516253.053","1,516,253","Ukraine"
"WHO","2015","1516000","1,516,000","Kazakhstan"
"UNODC","2015","1514600","1,514,600","Peru"
"WHO","2015","1511000","1,511,000","Cabo Verde"
"FAO","2015","1500965.096","1,500,965","Paraguay"
"FAO","2015","1500822.452","1,500,822","Tanzania, United Republic of"
"ILO","2015","1490311","1,490,311","Zimbabwe"
"UNIDO","2015","1484768.26","1,484,768","Malaysia"
"UN-HABITAT","2015","1483721.77","1,483,722","Saudi Arabia"
"UNHCR","2015","1481794.85","1,481,795","Bulgaria"
"UNAIDS","2015","1476144","1,476,144","Mozambique"
"UNODC","2015","1467976","1,467,976","United Arab Emirates"
"ILO","2015","1457601","1,457,601","Uzbekistan"
"UNAIDS","2015","1455485","1,455,485","Malawi"
"UNDP","2015","1449713","1,449,713","Romania"
"WHO","2015","1445000","1,445,000","Oman"
"FAO","2015","1437477.745","1,437,478","Liechtenstein"
"FAO","2015","1435772.727","1,435,773","Lesotho"
"UNAIDS","2015","1429180","1,429,180","China"
"UNFPA","2015","1429137.74","1,429,138","Venezuela (Bolivarian Republic of)"
"ILO","2015","1418543","1,418,543","Peru"
"UN-HABITAT","2015","1418322.95","1,418,323","Sudan"
"UNHCR","2015","1418213.66","1,418,214","Slovenia"
"UNAIDS","2015","1417164","1,417,164","Viet Nam"
"UNIDO","2015","1405791.51","1,405,792","Iran (Islamic Republic of)"
"ILO","2015","1402729","1,402,729","Madagascar"
"ILO","2015","1400427","1,400,427","Congo (the Democratic Republic of the)"
"ILO","2015","1393107","1,393,107","Lao People's Democratic Republic"
"UN-HABITAT","2015","1389000.25","1,389,000","Mexico"
"UNFPA","2015","1385816.32","1,385,816","Sao Tome and Principe"
"UNIDO","2015","1380271.816","1,380,272","Uruguay"
"UNDP","2015","1377927","1,377,927","Grenada"
"FAO","2015","1377859.694","1,377,860","Guinea-Bissau"
"FAO","2015","1376557.708","1,376,558","Armenia"
"UNODC","2015","1374949","1,374,949","Egypt"
"FAO","2015","1371781.805","1,371,782","Dominican Republic"
"FAO","2015","1371165.635","1,371,166","Peru"
"UNIDO","2015","1371015.58","1,371,016","Senegal"
"UN-HABITAT","2015","1369705.66","1,369,706","Ghana"
"UNHCR","2015","1362288.91","1,362,289","Cyprus"
"ICAO","2015","1356945.834","1,356,946","Mexico"
"UNHCR","2015","1355674","1,355,674","Republic of Korea"
"UNAIDS","2015","1339254","1,339,254","South Sudan"
"WHO","2015","1320000","1,320,000","Algeria"
"UNFPA","2015","1315702.96","1,315,703","Brazil"
"UNFPA","2015","1314363.54","1,314,364","Gabon"
"UNICEF","2015","1302002.26","1,302,002","Belarus"
"UNAIDS","2015","1300962","1,300,962","Tanzania, United Republic of"
"FAO","2015","1286544.836","1,286,545","Swaziland"
"UNIDO","2015","1286197.505","1,286,198","Lebanon"
"UNFPA","2015","1285226.96","1,285,227","Ecuador"
"FAO","2015","1272790.894","1,272,791","Iran (Islamic Republic of)"
"FAO","2015","1267489.869","1,267,490","Nicaragua"
"UNFPA","2015","1254668.53","1,254,669","Comoros"
"ILO","2015","1252381","1,252,381","Uganda"
"UN-HABITAT","2015","1251980.92","1,251,981","Liberia"
"UNIDO","2015","1248518.359","1,248,518","Myanmar"
"UNAIDS","2015","1232635","1,232,635","Zambia"
"UNFPA","2015","1227312.54","1,227,313","Oman"
"ILO","2015","1218050","1,218,050","Japan"
"UNHCR","2015","1204244.48","1,204,244","Belarus"
"UNIDO","2015","1202128.249","1,202,128","Ghana"
"FAO","2015","1195744.006","1,195,744","Togo"
"WHO","2015","1190000","1,190,000","Comoros"
"UNAIDS","2015","1179344","1,179,344","Côte d'Ivoire"
"UNFPA","2015","1178333.2","1,178,333","Georgia"
"UNFPA","2015","1177575.71","1,177,576","Dominican Republic"
"UNIDO","2015","1172326.258","1,172,326","Kenya"
"WHO","2015","1172000","1,172,000","Sao Tome and Principe"
"UNFPA","2015","1171043.56","1,171,044","Costa Rica"
"UNFPA","2015","1168583.29","1,168,583","Bhutan"
"WHO","2015","1168000","1,168,000","Saudi Arabia"
"UNFPA","2015","1161642.04","1,161,642","Cuba"
"UNAIDS","2015","1158723","1,158,723","Ethiopia"
"UNFPA","2015","1156778.56","1,156,779","Bosnia and Herzegovina"
"UNAIDS","2015","1154800","1,154,800","Botswana"
"UNAIDS","2015","1148595","1,148,595","Guatemala"
"ILO","2015","1141251","1,141,251","Uruguay"
"UNIDO","2015","1133344.3","1,133,344","Jordan"
"UNAIDS","2015","1115240","1,115,240","Papua New Guinea"
"UNIDO","2015","1102730.241","1,102,730","Chad"
"UNAIDS","2015","1102397","1,102,397","Cameroon"
"UNAIDS","2015","1097488","1,097,488","Ukraine"
"WFP","2015","1094302.8","1,094,303","Tunisia"
"ILO","2015","1092245","1,092,245","Malawi"
"UNODC","2015","1086717","1,086,717","Myanmar"
"UNAIDS","2015","1074017","1,074,017","Indonesia"
"UNAIDS","2015","1070229","1,070,229","Angola"
"ILO","2015","1062421","1,062,421","Kyrgyzstan"
"FAO","2015","1054853.883","1,054,854","Jordan"
"UN-HABITAT","2015","1039935.15","1,039,935","Kosovo"
"ILO","2015","1039855","1,039,855","Kenya"
"WFP","2015","1035576.26","1,035,576","Namibia"
"UNAIDS","2015","1033051","1,033,051","Swaziland"
"UNFPA","2015","1029301.65","1,029,302","Armenia"
"WHO","2015","1028000","1,028,000","Tonga"
"UNFPA","2015","1025111.24","1,025,111","Albania"
"UNHCR","2015","1022311.5","1,022,312","Guinea-Bissau"
"UN-HABITAT","2015","1018278.61","1,018,279","Rwanda"
"WFP","2015","1017403.79","1,017,404","Albania"
"UNODC","2015","1016122","1,016,122","Ethiopia"
"FAO","2015","1012153.255","1,012,153","Azerbaijan"
"ICAO","2015","1003787.769","1,003,788","Indonesia"
"UNIDO","2015","994552.5274","994,553","Colombia"
"UNHCR","2015","987406.24","987,406","Gambia"
"UNIDO","2015","987150.5142","987,151","Austria"
"UNAIDS","2015","986792","986,792","Pakistan"
"WHO","2015","985000","985,000","Serbia"
"WHO","2015","983000","983,000","Turkmenistan"
"WHO","2015","980000","980,000","Armenia"
"ILO","2015","973199","973,199","Lebanon"
"UNAIDS","2015","969140","969,140","Central African Republic"
"UNIDO","2015","964265.8206","964,266","Somalia"
"UNIDO","2015","957928.7637","957,929","Liberia"
"UN-HABITAT","2015","947775.58","947,776","Cabo Verde"
"UNHCR","2015","947251.27","947,251","Austria"
"UNODC","2015","936810","936,810","Iran (Islamic Republic of)"
"ILO","2015","934134","934,134","Nicaragua"
"FAO","2015","931188.5731","931,189","Ghana"
"UNIDO","2015","922031.477","922,031","Cameroon"
"ILO","2015","918343","918,343","Turkey"
"FAO","2015","915304.6833","915,305","Equatorial Guinea"
"ICAO","2015","912923.3141","912,923","Kazakhstan"
"UNAIDS","2015","911941","911,941","Ghana"
"WHO","2015","909000","909,000","Malaysia"
"UNODC","2015","908100","908,100","Indonesia"
"UNAIDS","2015","905120","905,120","Haiti"
"UNFPA","2015","903958.05","903,958","Paraguay"
"ILO","2015","898361","898,361","Mozambique"
"FAO","2015","891399.1958","891,399","Venezuela (Bolivarian Republic of)"
"UNAIDS","2015","881213","881,213","Peru"
"UNFPA","2015","878329.14","878,329","Algeria"
"UNAIDS","2015","869421","869,421","Cambodia"
"UNAIDS","2015","865559","865,559","Sierra Leone"
"ILO","2015","851885","851,885","China"
"UNFPA","2015","850425.89","850,426","Maldives"
"UNAIDS","2015","846262","846,262","Argentina"
"UNHCR","2015","845979.52","845,980","Namibia"
"UNIDO","2015","841681.3348","841,681","Zambia"
"UNHCR","2015","838124.08","838,124","Switzerland"
"UNFPA","2015","836702.39","836,702","Malaysia"
"ILO","2015","831079","831,079","Paraguay"
"UNAIDS","2015","829372","829,372","Thailand"
"IMO","2015","829222.2222","829,222","Arab States"
"UNAIDS","2015","826325","826,325","Rwanda"
"UNFPA","2015","824629.21","824,629","Azerbaijan"
"UNIDO","2015","820503.4245","820,503","Argentina"
"UNFPA","2015","819594.8","819,595","Turkmenistan"
"UNHCR","2015","816845.93","816,846","Slovakia"
"ICAO","2015","811463.7762","811,464","Kuwait"
"UNIDO","2015","806579.4311","806,579","Congo (the Democratic Republic of the)"
"FAO","2015","804600.636","804,601","Uruguay"
"UNIDO","2015","801119.7484","801,120","Madagascar"
"UNAIDS","2015","797664","797,664","Liberia"
"ICAO","2015","794038.9964","794,039","Paraguay"
"UNAIDS","2015","793323","793,323","Brazil"
"UNFPA","2015","792681.29","792,681","Tunisia"
"UNFPA","2015","790374.14","790,374","Republic of Moldova"
"WHO","2015","784000","784,000","Mauritius"
"UNHCR","2015","772313.93","772,314","Republic of Moldova"
"UNDP","2015","770914","770,914","Cook Islands"
"ILO","2015","765309","765,309","Cameroon"
"FAO","2015","763359.6702","763,360","Jamaica"
"WHO","2015","763000","763,000","Kiribati"
"ILO","2015","756428","756,428","Thailand"
"WHO","2015","754000","754,000","Kosovo"
"UNFPA","2015","753615.97","753,616","Kosovo"
"FAO","2015","751869.8796","751,870","Cuba"
"WHO","2015","746000","746,000","Bosnia and Herzegovina"
"UNHCR","2015","744475.58","744,476","Sierra Leone"
"UN-HABITAT","2015","739974.59","739,975","Nigeria"
"UNIDO","2015","737397.8775","737,398","Gambia"
"FAO","2015","735504.6584","735,505","Comoros"
"UNODC","2015","734968","734,968","Jordan"
"ILO","2015","731814","731,814","Senegal"
"UNAIDS","2015","728938","728,938","Burundi"
"UNHCR","2015","727269.86","727,270","Haiti"
"UNHCR","2015","727244.48","727,244","Poland"
"UNIDO","2015","721324.2341","721,324","Qatar"
"UNAIDS","2015","719533","719,533","Kazakhstan"
"FAO","2015","709886.3385","709,886","Trinidad and Tobago"
"UNIDO","2015","707087.3195","707,087","Brazil"
"UNIDO","2015","703793.4136","703,793","Sri Lanka"
"UNIDO","2015","700892.5821","700,893","Azerbaijan"
"UNAIDS","2015","699629","699,629","Namibia"
"UNODC","2015","691956","691,956","Tajikistan"
"FAO","2015","690942.3412","690,942","Japan"
"UNFPA","2015","690226.75","690,227","Belarus"
"FAO","2015","690044.0965","690,044","Republic of Moldova"
"UNIDO","2015","687570.2735","687,570","Ecuador"
"WHO","2015","680000","680,000","Seychelles"
"WHO","2015","679000","679,000","Micronesia (Federated States of)"
"UNODC","2015","677157","677,157","Guatemala"
"UNHCR","2015","668100.41","668,100","Ireland"
"UNAIDS","2015","660838","660,838","Jamaica"
"UNAIDS","2015","660526","660,526","Fiji"
"UNAIDS","2015","655011","655,011","Chad"
"WHO","2015","653000","653,000","Azerbaijan"
"ICAO","2015","648702.0217","648,702","Brazil"
"UNAIDS","2015","648151","648,151","Congo"
"UNAIDS","2015","647434","647,434","Burkina Faso"
"ILO","2015","646529","646,529","Lesotho"
"WMO","2015","642618.5671","642,619","Cabo Verde"
"UNAIDS","2015","634044","634,044","Nepal"
"ICAO","2015","632126.13","632,126","Uganda"
"UNAIDS","2015","629292","629,292","Honduras"
"UNIDO","2015","628090.9628","628,091","Cuba"
"UNAIDS","2015","624375","624,375","Madagascar"
"WFP","2015","621627.7","621,628","Sao Tome and Principe"
"UNODC","2015","619163","619,163","Lao People's Democratic Republic"
"ILO","2015","617664","617,664","Georgia"
"FAO","2015","613767.4175","613,767","Kosovo"
"UNIDO","2015","607778.0635","607,778","Lao People's Democratic Republic"
"WMO","2015","606617.558","606,618","United States of America"
"UNIDO","2015","606389.7702","606,390","Arab States"
"UNIDO","2015","605222.5274","605,223","Nicaragua"
"UNAIDS","2015","602681","602,681","Guinea"
"FAO","2015","598653.8291","598,654","Micronesia (Federated States of)"
"WHO","2015","598000","598,000","Macedonia (the former Yugoslav Republic of)"
"FAO","2015","590982.1309","590,982","Ukraine"
"UPU","2015","590420.6357","590,421","Arab States"
"ILO","2015","587829","587,829","Macedonia (the former Yugoslav Republic of)"
"WFP","2015","586136.83","586,137","Togo"
"UNAIDS","2015","585318","585,318","Mali"
"UNAIDS","2015","580558","580,558","Lesotho"
"UNFPA","2015","578753.5","578,754","Macedonia (the former Yugoslav Republic of)"
"UN-HABITAT","2015","571818.61","571,819","Japan"
"UNAIDS","2015","571358","571,358","Djibouti"
"UNIDO","2015","562282.9978","562,283","Burundi"
"UNAIDS","2015","549805","549,805","Philippines"
"UNODC","2015","548912","548,912","Libya"
"UNHCR","2015","545697.9","545,698","Benin"
"ILO","2015","543179","543,179","Occupied Palestinian Territory"
"FAO","2015","540742.0566","540,742","Belgium"
"UNAIDS","2015","539643","539,643","Guyana"
"UNAIDS","2015","535996","535,996","Bangladesh"
"UNFPA","2015","531655.62","531,656","Argentina"
"UNHCR","2015","528322","528,322","Malta"
"UNIDO","2015","527145.4595","527,145","Kyrgyzstan"
"WHO","2015","525000","525,000","Cyprus"
"FAO","2015","522874.5446","522,875","Libya"
"UNODC","2015","519348","519,348","Lebanon"
"UNFPA","2015","516316.68","516,317","Libya"
"UNIDO","2015","515235.4814","515,235","Cabo Verde"
"ILO","2015","512888","512,888","Ghana"
"ILO","2015","511064","511,064","Rwanda"
"ILO","2015","508605","508,605","Burkina Faso"
"UNAIDS","2015","503581","503,581","Gabon"
"UN-HABITAT","2015","500827.76","500,828","Tanzania, United Republic of"
"UNAIDS","2015","498896","498,896","Togo"
"FAO","2015","497224.1261","497,224","Bhutan"
"UNAIDS","2015","496048","496,048","Sudan"
"UNFPA","2015","490290.49","490,290","Serbia"
"WHO","2015","488000","488,000","Albania"
"FAO","2015","487406.2416","487,406","Gabon"
"UNAIDS","2015","482244","482,244","Benin"
"UNAIDS","2015","476624","476,624","Morocco"
"UNIDO","2015","474415.744","474,416","Bolivia (Plurinational State of)"
"UNODC","2015","471742","471,742","Paraguay"
"FAO","2015","471491.2566","471,491","Costa Rica"
"UN-HABITAT","2015","459927.45","459,927","Jordan"
"ILO","2015","454124","454,124","Algeria"
"UNIDO","2015","452452.5164","452,453","Kuwait"
"UN-HABITAT","2015","449497.07","449,497","Viet Nam"
"UNIDO","2015","446823.4573","446,823","Rwanda"
"ILO","2015","443180","443,180","Iraq"
"FAO","2015","442624.8036","442,625","Vanuatu"
"UNHCR","2015","436568.11","436,568","Turkmenistan"
"UNIDO","2015","435077.9322","435,078","Eritrea"
"WHO","2015","432000","432,000","Georgia"
"UNIDO","2015","426365.2626","426,365","Montenegro"
"WHO","2015","422000","422,000","Montenegro"
"ILO","2015","416737","416,737","Côte d'Ivoire"
"UNIDO","2015","416334.267","416,334","Haiti"
"UNIDO","2015","412026.6193","412,027","Bosnia and Herzegovina"
"ICAO","2015","410878.491","410,878","Equatorial Guinea"
"ILO","2015","410683","410,683","Mauritania"
"UNAIDS","2015","410287","410,287","Uzbekistan"
"FAO","2015","407629.805","407,630","Thailand"
"ILO","2015","406157","406,157","Cabo Verde"
"UNIDO","2015","406010.7549","406,011","Guinea-Bissau"
"UNAIDS","2015","404733","404,733","Dominica"
"UNODC","2015","391141","391,141","Tunisia"
"FAO","2015","384165.0724","384,165","Saint Lucia"
"ILO","2015","382546","382,546","Chile"
"UNHCR","2015","382356.15","382,356","Gabon"
"UNHCR","2015","379845.62","379,846","Netherlands"
"ICAO","2015","376929.4801","376,929","Bolivia (Plurinational State of)"
"UNIDO","2015","374482.965","374,483","Sierra Leone"
"UNIDO","2015","374330.547","374,331","Mali"
"UNAIDS","2015","373966","373,966","Somalia"
"WHO","2015","371000","371,000","Hungary"
"UNAIDS","2015","369163","369,163","Niger"
"UNIDO","2015","368625.5252","368,626","Algeria"
"UNIDO","2015","367869.9125","367,870","Namibia"
"UNAIDS","2015","367869","367,869","Iran (Islamic Republic of)"
"UNIDO","2015","362883.2166","362,883","Chile"
"UNAIDS","2015","361171","361,171","Egypt"
"UNIDO","2015","360736.0503","360,736","Mongolia"
"UNIDO","2015","356508.1072","356,508","Serbia"
"UNIDO","2015","354154.4748","354,154","Macedonia (the former Yugoslav Republic of)"
"UNODC","2015","348665","348,665","Timor-Leste"
"ICAO","2015","348262.231","348,262","Ecuador"
"ILO","2015","347815","347,815","Sudan"
"UNODC","2015","345954","345,954","Turkmenistan"
"ILO","2015","344975","344,975","Saudi Arabia"
"UN-HABITAT","2015","344386.59","344,387","Lao People's Democratic Republic"
"WHO","2015","343000","343,000","Cook Islands"
"UNIDO","2015","340639.6171","340,640","Peru"
"UNDP","2015","340264","340,264","Saint Vincent and the Grenadines"
"UN-HABITAT","2015","338848.12","338,848","Iran (Islamic Republic of)"
"WHO","2015","334000","334,000","Belarus"
"WMO","2015","333301.7154","333,302","Kenya"
"UN-HABITAT","2015","330388.23","330,388","Malawi"
"WMO","2015","330330.9788","330,331","Turkey"
"UNHCR","2015","330158.81","330,159","Czech Republic"
"UNIDO","2015","329327.6805","329,328","Uganda"
"WHO","2015","326000","326,000","Slovakia"
"FAO","2015","322989.4074","322,989","Maldives"
"ILO","2015","321760","321,760","Samoa"
"ILO","2015","313543","313,543","Mongolia"
"WHO","2015","306000","306,000","Slovenia"
"UNIDO","2015","305911.5646","305,912","Malawi"
"ILO","2015","303898","303,898","Dominican Republic"
"FAO","2015","298784.5296","298,785","Tonga"
"WMO","2015","298510.5954","298,511","France"
"ICAO","2015","293016.3321","293,016","Belgium"
"UN-HABITAT","2015","291948.6055","291,949","Russian Federation"
"FAO","2015","289945.1592","289,945","Guyana"
"WHO","2015","285000","285,000","Poland"
"UNIDO","2015","284914.5295","284,915","Oman"
"ILO","2015","283937","283,937","Niger"
"UNIDO","2015","281974.2232","281,974","Republic of Moldova"
"WHO","2015","272000","272,000","Romania"
"FAO","2015","270911.448","270,911","Belize"
"UNFPA","2015","267018.6","267,019","Chile"
"UNIDO","2015","266869.9453","266,870","Tajikistan"
"WMO","2015","266371.3421","266,371","India"
"FAO","2015","263867.3335","263,867","Samoa"
"ILO","2015","263555","263,555","Bolivia (Plurinational State of)"
"UNDP","2015","262360","262,360","Dominica"
"ILO","2015","262210","262,210","Fiji"
"FAO","2015","261045.0336","261,045","Botswana"
"ICAO","2015","260450.4982","260,450","Lebanon"
"UNIDO","2015","259231.9803","259,232","Nepal"
"UNAIDS","2015","258406","258,406","Venezuela (Bolivarian Republic of)"
"ICAO","2015","257141.8845","257,142","Singapore"
"ILO","2015","256458","256,458","Guatemala"
"WFP","2015","252825.02","252,825","Eritrea"
"ICAO","2015","250338.917","250,339","Sudan"
"ILO","2015","249403","249,403","Benin"
"FAO","2015","248598.6004","248,599","Bosnia and Herzegovina"
"WHO","2015","246000","246,000","Estonia"
"ILO","2015","245400","245,400","Comoros"
"WMO","2015","243206.8618","243,207","Japan"
"UNIDO","2015","243188.6761","243,189","Syrian Arab Republic"
"FAO","2015","238935.7685","238,936","Albania"
"UN-HABITAT","2015","238831.3","238,831","Bangladesh"
"WHO","2015","237000","237,000","Marshall Islands"
"FAO","2015","235908.7078","235,909","Macedonia (the former Yugoslav Republic of)"
"FAO","2015","232494.393","232,494","Uzbekistan"
"FAO","2015","231364.9318","231,365","Belarus"
"ILO","2015","228692","228,692","Ecuador"
"UNODC","2015","227815","227,815","Iraq"
"WHO","2015","227000","227,000","Czech Republic"
"UNIDO","2015","225752.7899","225,753","Belarus"
"ILO","2015","225216","225,216","Solomon Islands"
"WHO","2015","225000","225,000","Lithuania"
"UN-HABITAT","2015","223936.83","223,937","Syrian Arab Republic"
"WHO","2015","222000","222,000","Croatia"
"UN-HABITAT","2015","215035.71","215,036","Angola"
"UNIDO","2015","213617.4289","213,617","Burkina Faso"
"FAO","2015","211355.2286","211,355","United Arab Emirates"
"WMO","2015","211090.8174","211,091","Spain"
"WHO","2015","211000","211,000","Latvia"
"UN-HABITAT","2015","210140.58","210,141","China"
"ILO","2015","209857","209,857","Yemen"
"ILO","2015","209507","209,507","Costa Rica"
"ICAO","2015","208741.2924","208,741","Nigeria"
"UNAIDS","2015","204001","204,001","Algeria"
"ILO","2015","203096","203,096","Malaysia"
"FAO","2015","202299.0847","202,299","Saint Kitts and Nevis"
"WHO","2015","202000","202,000","Bulgaria"
"WMO","2015","201476.2866","201,476","Republic of Korea"
"WMO","2015","199934.4097","199,934","Costa Rica"
"ILO","2015","199500","199,500","Kuwait"
"UNIDO","2015","198284.0372","198,284","Bahrain"
"UN-HABITAT","2015","198066.16","198,066","Madagascar"
"WMO","2015","197093.8446","197,094","Australia"
"WFP","2015","195396.42","195,396","Paraguay"
"UNIDO","2015","193844.1466","193,844","Zimbabwe"
"UNAIDS","2015","193710","193,710","Senegal"
"UNODC","2015","191544","191,544","Nepal"
"UNIDO","2015","191229.0919","191,229","Venezuela (Bolivarian Republic of)"
"WFP","2015","189323.45","189,323","Morocco"
"UNAIDS","2015","188793","188,793","Colombia"
"UN-HABITAT","2015","187613.81","187,614","Mongolia"
"ICAO","2015","186978.7581","186,979","Greece"
"UNODC","2015","185564","185,564","Serbia"
"WMO","2015","184833.5015","184,834","Benin"
"FAO","2015","183187.1383","183,187","Bahamas"
"WMO","2015","180537.8406","180,538","Germany"
"FAO","2015","180131.5322","180,132","Cook Islands"
"FAO","2015","179600.0692","179,600","Fiji"
"WMO","2015","174843.5923","174,844","Paraguay"
"WMO","2015","173304.7427","173,305","China"
"ICAO","2015","171717.0614","171,717","Mozambique"
"UNDP","2015","170451","170,451","Antigua and Barbuda"
"UNIDO","2015","170303.0963","170,303","Dominican Republic"
"ILO","2015","169186","169,186","Maldives"
"FAO","2015","167538.773","167,539","Mauritius"
"UN-HABITAT","2015","167306.74","167,307","Kuwait"
"ICAO","2015","167280.0217","167,280","Madagascar"
"UNIDO","2015","166734.9781","166,735","Croatia"
"UNODC","2015","165780","165,780","Viet Nam"
"UNIDO","2015","162401.7396","162,402","Niger"
"ILO","2015","162056","162,056","South Sudan"
"UNODC","2015","158735","158,735","Bangladesh"
"ILO","2015","158110","158,110","France"
"UNIDO","2015","156129.5295","156,130","Guatemala"
"UNAIDS","2015","154327","154,327","Yemen"
"UNAIDS","2015","151848","151,848","Mauritania"
"UNIDO","2015","151574.3326","151,574","Swaziland"
"WMO","2015","151011.0999","151,011","Uganda"
"WMO","2015","150773.9657","150,774","Indonesia"
"UNIDO","2015","150081.8709","150,082","Bhutan"
"FAO","2015","145879.9007","145,880","Seychelles"
"WFP","2015","142937.29","142,937","Cabo Verde"
"UN-HABITAT","2015","142803.48","142,803","Burkina Faso"
"FAO","2015","142781.2326","142,781","Algeria"
"ILO","2015","141882","141,882","United States of America"
"UNAIDS","2015","140343","140,343","El Salvador"
"WMO","2015","139489.4046","139,489","Morocco"
"UNAIDS","2015","139177","139,177","Republic of Moldova"
"UNAIDS","2015","138865","138,865","Gambia"
"UNDP","2015","138739","138,739","Tokelau"
"ILO","2015","138261","138,261","Albania"
"FAO","2015","137781.5408","137,782","Oman"
"ICAO","2015","137172.0722","137,172","Cabo Verde"
"ILO","2015","137156","137,156","Liberia"
"UNIDO","2015","132677.7571","132,678","Libya"
"FAO","2015","130451.4663","130,451","Congo"
"WMO","2015","129239.1524","129,239","Fiji"
"UNDP","2015","128918","128,918","Saint Kitts and Nevis"
"UNODC","2015","127243","127,243","Côte d'Ivoire"
"UNAIDS","2015","126645","126,645","Tajikistan"
"ICAO","2015","125746.231","125,746","Jamaica"
"WMO","2015","124911.2008","124,911","Singapore"
"UNIDO","2015","124054.4092","124,054","Afghanistan"
"UNIDO","2015","122918.2385","122,918","Central African Republic"
"UNFPA","2015","122440.57","122,441","Mauritius"
"UNAIDS","2015","121613","121,613","Kyrgyzstan"
"WMO","2015","120918.2644","120,918","Ethiopia"
"UNIDO","2015","119904.8359","119,905","Sao Tome and Principe"
"WMO","2015","118768.9203","118,769","Argentina"
"WFP","2015","116233.61","116,234","Greece"
"FAO","2015","115415.0084","115,415","Tuvalu"
"FAO","2015","115259.5232","115,260","Kazakhstan"
"UPU","2015","113624.1171","113,624","Tanzania, United Republic of"
"UNAIDS","2015","112389","112,389","Belarus"
"UN-HABITAT","2015","112248.8936","112,249","Samoa"
"WHO","2015","112000","112,000","Saint Helena"
"UNODC","2015","110210","110,210","Bhutan"
"WMO","2015","108978.8093","108,979","Italy"
"UNODC","2015","105833","105,833","Senegal"
"UN-HABITAT","2015","104422.96","104,423","Zambia"
"UNDP","2015","103973","103,973","Niue"
"UNIDO","2015","102988.9606","102,989","Angola"
"UNIDO","2015","102824.2451","102,824","Honduras"
"UNIDO","2015","101422.1772","101,422","Costa Rica"
"WFP","2015","100000","100,000","Angola"
"UNAIDS","2015","98954","98,954","Sri Lanka"
"UN-HABITAT","2015","98405.76","98,406","Mozambique"
"UN-HABITAT","2015","96296.22","96,296","Cambodia"
"ILO","2015","96294","96,294","Portugal"
"UNODC","2015","96021","96,021","Cabo Verde"
"WHO","2015","96000","96,000","Tuvalu"
"UN-HABITAT","2015","95598.43","95,598","India"
"UNAIDS","2015","93927","93,927","Eritrea"
"UN-HABITAT","2015","92649.93","92,650","Ethiopia"
"UNIDO","2015","91560.45952","91,560","Turkmenistan"
"UN-HABITAT","2015","91363.70636","91,364","Papua New Guinea"
"UPU","2015","89920.16145","89,920","Cambodia"
"WHO","2015","87000","87,000","Palau"
"ICAO","2015","86670.37545","86,670","Afghanistan"
"UPU","2015","86566.46821","86,566","Côte d'Ivoire"
"ILO","2015","85688","85,688","Mexico"
"WMO","2015","85582.24016","85,582","Mauritius"
"UNODC","2015","84944","84,944","Uzbekistan"
"FAO","2015","84754.57905","84,755","Marshall Islands"
"ILO","2015","83956","83,956","Burundi"
"WMO","2015","82045.40868","82,045","Réunion"
"UNIDO","2015","81269.56236","81,270","Djibouti"
"WHO","2015","81000","81,000","Nauru"
"UNAIDS","2015","80204","80,204","Equatorial Guinea"
"WHO","2015","80000","80,000","Tokelau"
"ILO","2015","79367","79,367","Vanuatu"
"UNAIDS","2015","78315","78,315","Lao People's Democratic Republic"
"WMO","2015","76021.19072","76,021","Romania"
"UNIDO","2015","75995.36105","75,995","Congo"
"UNIDO","2015","75965.89716","75,966","Hungary"
"WMO","2015","75258.32492","75,258","Chile"
"ILO","2015","74876","74,876","Oman"
"UPU","2015","74300.93845","74,301","Guinea"
"UN-HABITAT","2015","73490","73,490","Libya"
"UN-HABITAT","2015","73044.73","73,045","Chad"
"WMO","2015","72819.37437","72,819","Serbia"
"UPU","2015","72686.53885","72,687","Samoa"
"UN-HABITAT","2015","72588.03","72,588","Cuba"
"UNFPA","2015","72243.56999999999","72,244","Arab States"
"UNAIDS","2015","72203","72,203","Tunisia"
"UNIDO","2015","71975.09847","71,975","Albania"
"WMO","2015","71417.75984","71,418","Namibia"
"UNIDO","2015","70816.69584","70,817","Lesotho"
"FAO","2015","70781.28642","70,781","Kiribati"
"UNAIDS","2015","69137","69,137","Panama"
"FAO","2015","67686.57661","67,687","Nauru"
"WMO","2015","66977.8002","66,978","Viet Nam"
"UNIDO","2015","66942.15536","66,942","Benin"
"FAO","2015","66566.1733","66,566","Solomon Islands"
"FAO","2015","65444.09464","65,444","Grenada"
"FAO","2015","65411.27805","65,411","Suriname"
"WMO","2015","65380.42381","65,380","Austria"
"WHO","2015","65000","65,000","Niue"
"WMO","2015","64716.44803","64,716","Czech Republic"
"WMO","2015","63927.34612","63,927","Bangladesh"
"WHO","2015","63000","63,000","Qatar"
"FAO","2015","62921.96749","62,922","Bahrain"
"UN-HABITAT","2015","62000","62,000","Peru"
"ICAO","2015","61269.33574","61,269","Guatemala"
"FAO","2015","61242.7341","61,243","Sao Tome and Principe"
"WMO","2015","61000","61,000","Senegal"
"WMO","2015","60924.31887","60,924","Colombia"
"WHO","2015","60000","60,000","Kuwait"
"UPU","2015","59956.72048","59,957","Gambia"
"WMO","2015","59931.38244","59,931","Ecuador"
"WMO","2015","59466.19576","59,466","Côte d'Ivoire"
"UNIDO","2015","58130.52516","58,131","Maldives"
"UNAIDS","2015","57162","57,162","Guinea-Bissau"
"WMO","2015","56903.12815","56,903","Sudan"
"UN-HABITAT","2015","56683.07","56,683","Morocco"
"FAO","2015","56128.89761","56,129","Saint Vincent and the Grenadines"
"ICAO","2015","54576.06498","54,576","Norway"
"WMO","2015","54463.16852","54,463","Tonga"
"UNDP","2015","54314","54,314","Saint Lucia"
"ILO","2015","53474","53,474","Brunei Darussalam"
"ILO","2015","53081","53,081","Republic of Moldova"
"WMO","2015","52707.3663","52,707","Tanzania, United Republic of"
"UN-HABITAT","2015","52657.36","52,657","Venezuela (Bolivarian Republic of)"
"UNIDO","2015","52473.05252","52,473","United States of America"
"WMO","2015","52461.15035","52,461","Russian Federation"
"UPU","2015","52201.81635","52,202","Lao People's Democratic Republic"
"ILO","2015","52157","52,157","Honduras"
"WHO","2015","52000","52,000","Malta"
"WHO","2015","52000","52,000","American Samoa"
"UNIDO","2015","51384.92341","51,385","Gabon"
"ICAO","2015","50516.59928","50,517","Rwanda"
"UNDP","2015","50502","50,502","Seychelles"
"UNODC","2015","50345","50,345","Ecuador"
"WMO","2015","49846.61958","49,847","Curaçao"
"ILO","2015","48846","48,846","Panama"
"UN-HABITAT","2015","47906.54","47,907","Indonesia"
"WMO","2015","47381.4329","47,381","Mexico"
"WMO","2015","46565.08577","46,565","New Zealand"
"WHO","2015","46000","46,000","Portugal"
"ILO","2015","45967","45,967","Botswana"
"WMO","2015","44456.10494","44,456","Mozambique"
"UNAIDS","2015","43916","43,916","Armenia"
"UNAIDS","2015","43529","43,529","Bolivia (Plurinational State of)"
"WMO","2015","43255.29768","43,255","Barbados"
"ILO","2015","42071","42,071","Serbia"
"ILO","2015","42009","42,009","Russian Federation"
"WMO","2015","40869.82846","40,870","Peru"
"UNIDO","2015","40475.85339","40,476","Democratic People's Republic of Korea"
"UNDP","2015","39356","39,356","Montserrat"
"UN-HABITAT","2015","38892.26","38,892","Cameroon"
"ICAO","2015","38552.08664","38,552","Colombia"
"WMO","2015","38539.85873","38,540","Denmark"
"FAO","2015","37859.31108","37,859","Palau"
"ICAO","2015","37487.67509","37,488","Bangladesh"
"WHO","2015","37000","37,000","United Arab Emirates"
"WHO","2015","37000","37,000","Singapore"
"WHO","2015","37000","37,000","Northern Mariana Islands"
"UNAIDS","2015","36839","36,839","Costa Rica"
"UNIDO","2015","36738.29322","36,738","Togo"
"ICAO","2015","36005.05415","36,005","Spain"
"WHO","2015","36000","36,000","Guam"
"WHO","2015","36000","36,000","French Polynesia"
"WMO","2015","34394.55096","34,395","Brazil"
"WMO","2015","34321.89707","34,322","Thailand"
"WHO","2015","34000","34,000","Japan"
"FAO","2015","32993.7668","32,994","Montenegro"
"WMO","2015","32982.84561","32,983","Israel"
"FAO","2015","32788.08552","32,788","Dominica"
"WMO","2015","31949.54591","31,950","Seychelles"
"UN-HABITAT","2015","31898.25","31,898","Republic of Korea"
"ICAO","2015","31531.07581","31,531","Ethiopia"
"UPU","2015","31523.28961","31,523","Rwanda"
"WMO","2015","31437.94147","31,438","Guatemala"
"WHO","2015","31000","31,000","Brunei Darussalam"
"WMO","2015","30737.63875","30,738","Cameroon"
"WMO","2015","30310.79717","30,311","Dominican Republic"
"WMO","2015","30174.57114","30,175","Poland"
"WMO","2015","30162.46216","30,162","Malawi"
"UNODC","2015","29383","29,383","Thailand"
"UNIDO","2015","28892.77899","28,893","Equatorial Guinea"
"WMO","2015","28638.74874","28,639","United Kingdom of Great Britain and Northern Ireland"
"UN-HABITAT","2015","27900","27,900","Lesotho"
"UNIDO","2015","27475.61269","27,476","Anguilla"
"WMO","2015","27316.85166","27,317","Kiribati"
"WMO","2015","27045.40868","27,045","Macedonia (the former Yugoslav Republic of)"
"WMO","2015","26885.97376","26,886","Norway"
"WMO","2015","26869.82846","26,870","Iceland"
"WMO","2015","26517.65893","26,518","Malaysia"
"UPU","2015","26471.18063","26,471","Niger"
"WMO","2015","26280.52472","26,281","Papua New Guinea"
"UPU","2015","25836.57921","25,837","Burkina Faso"
"ILO","2015","25401","25,401","Armenia"
"ICAO","2015","25313.95668","25,314","India"
"UPU","2015","24943.92533","24,944","Timor-Leste"
"WMO","2015","24927.34612","24,927","Slovenia"
"WMO","2015","24701.31181","24,701","Myanmar"
"WMO","2015","24589.30373","24,589","Kazakhstan"
"UNIDO","2015","23231.89278","23,232","Seychelles"
"UNAIDS","2015","22500","22,500","Mexico"
"WMO","2015","22345.10595","22,345","Burkina Faso"
"ILO","2015","22280","22,280","Swaziland"
"ILO","2015","21775","21,775","Germany"
"UN-HABITAT","2015","21700","21,700","Gabon"
"ICAO","2015","20196.05776","20,196","China, Macao Special Administrative Region"
"UPU","2015","19478.83956","19,479","Bangladesh"
"UNIDO","2015","19090.88621","19,091","Guyana"
"WMO","2015","18379.41473","18,379","Qatar"
"UPU","2015","18006.0444","18,006","Bhutan"
"UNAIDS","2015","17946","17,946","Mongolia"
"UPU","2015","17933.23915","17,933","Bosnia and Herzegovina"
"WMO","2015","17642.78507","17,643","Trinidad and Tobago"
"UNAIDS","2015","17375","17,375","Ecuador"
"ICAO","2015","17331.43682","17,331","Egypt"
"WHO","2015","17000","17,000","Réunion"
"WMO","2015","16928.3552","16,928","El Salvador"
"WMO","2015","16207.87084","16,208","Antigua and Barbuda"
"WMO","2015","16114.02624","16,114","Bulgaria"
"FAO","2015","16075.68967","16,076","Niue"
"ILO","2015","15608","15,608","Montenegro"
"UNIDO","2015","15152.42888","15,152","Fiji"
"WMO","2015","14984.86377","14,985","Bolivia (Plurinational State of)"
"WMO","2015","14752.77497","14,753","Canada"
"UPU","2015","14717.6892","14,718","Haiti"
"UPU","2015","14578.94046","14,579","Djibouti"
"UNIDO","2015","14388.17287","14,388","United Arab Emirates"
"WMO","2015","14193.74369","14,194","Lebanon"
"WMO","2015","13956.60949","13,957","Suriname"
"UNODC","2015","13895","13,895","El Salvador"
"WMO","2015","13782.03835","13,782","Ireland"
"UPU","2015","13666.97275","13,667","Vanuatu"
"WMO","2015","12885.97376","12,886","Jordan"
"UNAIDS","2015","12400","12,400","Uruguay"
"ILO","2015","11766","11,766","Kazakhstan"
"UNIDO","2015","11022.04595","11,022","Bahamas"
"UNAIDS","2015","10466","10,466","Chile"
"WMO","2015","10357.21493","10,357","Sweden"
"ILO","2015","10170","10,170","Cyprus"
"WMO","2015","10004.03633","10,004","Bhutan"
"UNHCR","2015","9924.05","9,924","Kuwait"
"FAO","2015","9909.411949","9,909","Antigua and Barbuda"
"UNAIDS","2015","9907","9,907","Suriname"
"UNAIDS","2015","9627","9,627","Nicaragua"
"UNAIDS","2015","9622","9,622","Malaysia"
"UNIDO","2015","9171.247265","9,171","El Salvador"
"WMO","2015","9022.199798","9,022","Belize"
"WMO","2015","8414.732593","8,415","Georgia"
"WMO","2015","8313.82442","8,314","Croatia"
"ICAO","2015","8276.765343","8,277","Cameroon"
"UNIDO","2015","8222.549234","8,223","Antigua and Barbuda"
"ICAO","2015","8102.866426","8,103","Belarus"
"UNHCR","2015","7884.14","7,884","Papua New Guinea"
"UN-HABITAT","2015","7158.44","7,158","Ecuador"
"ILO","2015","6931","6,931","United Arab Emirates"
"WMO","2015","6709.38446","6,709","Portugal"
"UPU","2015","6591.10999","6,591","Myanmar"
"UNAIDS","2015","6363","6,363","Paraguay"
"ILO","2015","6262","6,262","Suriname"
"ILO","2015","5719","5,719","Saint Lucia"
"UNIDO","2015","5497.582057","5,498","Mauritius"
"UNIDO","2015","5294.015317","5,294","Timor-Leste"
"UNIDO","2015","4833.512035","4,834","Comoros"
"UNIDO","2015","4414.080963","4,414","Italy"
"UNDP","2015","4302","4,302","Qatar"
"UPU","2015","4229.233098","4,229","Nepal"
"UN-HABITAT","2015","3959.11","3,959","Zimbabwe"
"UNIDO","2015","3738.33698","3,738","Saint Vincent and the Grenadines"
"ICAO","2015","3671.393502","3,671","Congo"
"UPU","2015","3514.167508","3,514","Afghanistan"
"UNAIDS","2015","2732","2,732","Trinidad and Tobago"
"UNIDO","2015","2582.14442","2,582","Paraguay"
"ICAO","2015","2288.303249","2,288","Tanzania, United Republic of"
"UNODC","2015","2274","2,274","Liberia"
"FAO","2015","2196.271804","2,196","Russian Federation"
"WMO","2015","1826.437941","1,826","Palau"
"UN-HABITAT","2015","1489.2","1,489","Costa Rica"
"UPU","2015","1186.226034","1,186","Burundi"
"UNAIDS","2015","1109","1,109","Belize"
"UNAIDS","2015","1104","1,104","Barbados"
"UNIDO","2015","871.2582057","871","Slovenia"
"ICAO","2015","783.2274368","783","Sri Lanka"
"ILO","2015","734","734","Togo"
"UPU","2015","664.0060545","664","Malawi"
"UNDP","2015","603","603","Bulgaria"
"UPU","2015","334.7426842","335","Madagascar"
"UPU","2015","330.6155399","331","Ethiopia"
"UNDP","2015","320","320","Poland"
"FAO","2015","312.5169862","313","Tokelau"
"WFP","2015","171.28","171","Uzbekistan"
"ICAO","2015","144.599278","145","Swaziland"
"UNIDO","2015","125.2407002","125","Panama"
"ICAO","2015","80.2166065","80","Philippines"
"UNDP","2015","42","42","Republic of Korea"
"ICAO","2015","36.83754513","37","Denmark"
"ICAO","2015","31.24909747","31","Cuba"
"ICAO","2015","30.36823105","30","Comoros"
"ICAO","2015","28.00722022","28","Nepal"
"ICAO","2015","25.92779783","26","Republic of Korea"
"ICAO","2015","20.69314079","21","Oman"
"ICAO","2015","12.07942238","12","Viet Nam"
"UNHCR","2015","5","5","Cambodia"
"FAO","2015","0","0","Canada"
"FAO","2015","0","0","Denmark"
"FAO","2015","0","0","France"
"FAO","2015","0","0","Finland"
"FAO","2015","0","0","Estonia"
"FAO","2015","0","0","Norway"
"FAO","2015","0","0","Germany"
"FAO","2015","0","0","New Zealand"
"FAO","2015","0","0","Greece"
"FAO","2015","0","0","Poland"
"FAO","2015","0","0","Portugal"
"FAO","2015","0","0","Czech Republic"
"FAO","2015","0","0","Cyprus"
"FAO","2015","0","0","Croatia"
"UNHCR","2015","0","0","Sark"
"FAO","2015","0","0","Romania"
"FAO","2015","0","0","Qatar"
"FAO","2015","0","0","Republic of Korea"
"FAO","2015","0","0","San Marino"
"FAO","2015","0","0","Spain"
"FAO","2015","0","0","Turkmenistan"
"FAO","2015","0","0","Kuwait"
"FAO","2015","0","0","Latvia"
"FAO","2015","0","0","Malta"
"UNODC","2015","0","0","Maldives"
"UNODC","2015","0","0","Mali"
"FAO","2015","0","0","United Kingdom of Great Britain and Northern Ireland"
"UNODC","2015","0","0","Mauritius"
"FAO","2015","0","0","Ireland"
"FAO","2015","0","0","Iceland"
"FAO","2015","0","0","Malaysia"
"FAO","2015","0","0","Australia"
"UNODC","2015","0","0","Cambodia"
"UNODC","2015","0","0","Dominican Republic"
"FAO","2015","0","0","Austria"
"FAO","2015","0","0","Hungary"
"FAO","2015","0","0","Luxembourg"
"FAO","2015","0","0","Netherlands"
"UNODC","2015","0","0","India"
"UNODC","2015","0","0","Guinea-Bissau"
"UNODC","2015","0","0","Albania"
"UNODC","2015","0","0","Mozambique"
"UNODC","2015","0","0","Mauritania"
"FAO","2015","0","0","Slovakia"
"FAO","2015","0","0","Slovenia"
"UNODC","2015","0","0","South Sudan"
"UNODC","2015","0","0","Togo"
"UNODC","2015","0","0","Uruguay"
"UNODC","2015","0","0","Yemen"
"FAO","2015","0","0","Israel"
"FAO","2015","0","0","Bulgaria"
"UNODC","2015","0","0","Russian Federation"
"UNODC","2015","0","0","Swaziland"
"UNODC","2015","0","0","Republic of Moldova"
"UNODC","2015","0","0","Niger"
"FAO","2015","0","0","Sweden"
"FAO","2015","0","0","Monaco"
"FAO","2015","0","0","Andorra"
"ICAO","2015","-3.675090253","-4","Pakistan"
"ICAO","2015","-114.2310469","-114","Aruba"
"ICAO","2015","-159.3574007","-159","Venezuela (Bolivarian Republic of)"
"UNDP","2015","-598","-598","Latvia"
"ICAO","2015","-719.4440433","-719","El Salvador"
"UNIDO","2015","-4048.829322","-4,049","Romania"
"ICAO","2015","-5581.920578","-5,582","Botswana"
"ICAO","2015","-6905.386282","-6,905","Congo (the Democratic Republic of the)"
"WHO","2015","-9000","-9,000","Bahrain"
"UNHCR","2015","-18815.96","-18,816","Viet Nam"
"WHO","2015","-19000","-19,000","Denmark"
"UN-HABITAT","2015","-30670.25","-30,670","Uganda"
"UNIDO","2015","-117857.593","-117,858","Occupied Palestinian Territory"
"UNIDO","2015","-464463.6543","-464,464","Yemen"
